Godot Engine v4.7.1.stable.official.a13da4feb - https://godotengine.org

ERROR: Failed to read the root certificate store.
   at: get_system_ca_certificates (platform/windows/os_windows.cpp:2582)
Unable to open Android 'build-tools' directory.
[   0% ] first_scan_filesystem | Started Project initialization (5 steps)
[   0% ] first_scan_filesystem | Scanning file structure...
[  16% ] first_scan_filesystem | Loading global class names...
[  33% ] first_scan_filesystem | Verifying GDExtensions...
[  50% ] first_scan_filesystem | Creating autoload scripts...
[  66% ] first_scan_filesystem | Initializing plugins...
[  83% ] first_scan_filesystem | Starting file scan...
[ DONE ] first_scan_filesystem

[   0% ] update_scripts_classes | Started Registering global classes... (23 steps)
[   0% ] update_scripts_classes | 
[   4% ] update_scripts_classes | 
[   8% ] update_scripts_classes | 
[  12% ] update_scripts_classes | 
[  16% ] update_scripts_classes | 
[  20% ] update_scripts_classes | 
[  25% ] update_scripts_classes | 
[  29% ] update_scripts_classes | 
[  33% ] update_scripts_classes | 
[  37% ] update_scripts_classes | 
[  41% ] update_scripts_classes | 
[  45% ] update_scripts_classes | 
[  50% ] update_scripts_classes | 
[  54% ] update_scripts_classes | 
[  58% ] update_scripts_classes | 
[  62% ] update_scripts_classes | 
[  66% ] update_scripts_classes | 
[  70% ] update_scripts_classes | 
[  75% ] update_scripts_classes | 
[  79% ] update_scripts_classes | 
[  83% ] update_scripts_classes | 
[  87% ] update_scripts_classes | 
[  91% ] update_scripts_classes | 
[ DONE ] update_scripts_classes

[   0% ] savepack | Started Packing (102 steps)
[   1% ] savepack | Storing File: res://.godot/imported/menu_atlas.png-f5eef4341160fdc6780049541f1f6a57.ctex
[   1% ] savepack | Storing File: res://assets/cafe/menu_atlas.png.import
[   1% ] savepack | Storing File: res://.godot/imported/stock_atlas.png-82f6d961b8204cde8ae7484bcb08215f.ctex
[   1% ] savepack | Storing File: res://assets/cafe/stock_atlas.png.import
[   1% ] savepack | Storing File: res://.godot/imported/xp_star.svg-349a73d6eefb354353c2c575f38ffb01.ctex
[   1% ] savepack | Storing File: res://assets/cafe/xp_star.svg.import
[   1% ] savepack | Storing File: res://.godot/imported/autumn_harvest.png-91203986a59889e55fb1bf4237780a87.ctex
[   1% ] savepack | Storing File: res://assets/collectibles/autumn_harvest.png.import
[   1% ] savepack | Storing File: res://.godot/imported/berry_sweets.png-5243c43b25fa0e942544aee3d346a45b.ctex
[   1% ] savepack | Storing File: res://assets/collectibles/berry_sweets.png.import
[   1% ] savepack | Storing File: res://.godot/imported/cinnamon_yums.png-3851c30d1acdfa6806cb4395107d9319.ctex
[   1% ] savepack | Storing File: res://assets/collectibles/cinnamon_yums.png.import
[   1% ] savepack | Storing File: res://.godot/imported/cookie_jar_collectible.png-f1a784140f2afc8dd13c43a405fce162.ctex
[   1% ] savepack | Storing File: res://assets/collectibles/cookie_jar_collectible.png.import
[   2% ] savepack | Storing File: res://.godot/imported/flour_mill.png-d3ae6fb85731eb3c347608f65056d5df.ctex
[   2% ] savepack | Storing File: res://assets/collectibles/flour_mill.png.import
[   2% ] savepack | Storing File: res://.godot/imported/honey_pot.png-8fa84a347b7bd98fd1fb53ed029a2dfe.ctex
[   2% ] savepack | Storing File: res://assets/collectibles/honey_pot.png.import
[   2% ] savepack | Storing File: res://.godot/imported/smart_tarts.png-645f28e78d620d539dadb3a95105be1d.ctex
[   2% ] savepack | Storing File: res://assets/collectibles/smart_tarts.png.import
[   2% ] savepack | Storing File: res://.godot/imported/sugar_sack.png-0bb85c8b2efe85e19c058b4b429d9f4b.ctex
[   2% ] savepack | Storing File: res://assets/collectibles/sugar_sack.png.import
[   2% ] savepack | Storing File: res://.godot/imported/summer_fruits.png-149c6ff1d7687b18740261f07d48a4e5.ctex
[   2% ] savepack | Storing File: res://assets/collectibles/summer_fruits.png.import
[   2% ] savepack | Storing File: res://.godot/imported/waffle_jacks.png-0c74ea8e14b6c31ab6629eecf4efcfbd.ctex
[   2% ] savepack | Storing File: res://assets/collectibles/waffle_jacks.png.import
[   3% ] savepack | Storing File: res://.godot/imported/cocoa_landscape_v2.png-cd7cad3fc09fdd4fbb9ad0eb7418af12.ctex
[   3% ] savepack | Storing File: res://assets/map/cocoa_landscape_v2.png.import
[   3% ] savepack | Storing File: res://.godot/imported/cocoa_landscape_v3.png-fe58cbdc6e7efbe2b092a647a4e73839.ctex
[   3% ] savepack | Storing File: res://assets/map/cocoa_landscape_v3.png.import
[   3% ] savepack | Storing File: res://.godot/imported/cocoa_moon.png-afdf9893aa77cf94387131c6ebcf914e.ctex
[   3% ] savepack | Storing File: res://assets/map/cocoa_moon.png.import
[   3% ] savepack | Storing File: res://.godot/imported/honeydew_gardens.png-5a9b1f72f9efdd413c7a25de2eed9f36.ctex
[   3% ] savepack | Storing File: res://assets/map/honeydew_gardens.png.import
[   3% ] savepack | Storing File: res://.godot/imported/honeydew_landscape_v2.png-f1f4bac89c4478de7d3bea52dd22711c.ctex
[   3% ] savepack | Storing File: res://assets/map/honeydew_landscape_v2.png.import
[   3% ] savepack | Storing File: res://.godot/imported/sugar_landscape.png-29475f2f6753c09f50cf76bd2a9d9e1a.ctex
[   3% ] savepack | Storing File: res://assets/map/sugar_landscape.png.import
[   4% ] savepack | Storing File: res://.godot/imported/sugar_landscape_v3.png-9b127e01926baefd1cdeaea16a0f08e4.ctex
[   4% ] savepack | Storing File: res://assets/map/sugar_landscape_v3.png.import
[   4% ] savepack | Storing File: res://.godot/imported/sugar_world_anime_map.png-ff6b18381fe8da2a38be12f99e13432f.ctex
[   4% ] savepack | Storing File: res://assets/map/sugar_world_anime_map.png.import
[   4% ] savepack | Storing File: res://.godot/imported/blue_heart_candy.png-e59ea2176bfb242e604554beb925262c.ctex
[   4% ] savepack | Storing File: res://assets/match3/blue_heart_candy.png.import
[   4% ] savepack | Storing File: res://.godot/imported/candy_bomb.png-4b8652d80417039efe9762ef48c1c0d5.ctex
[   4% ] savepack | Storing File: res://assets/match3/candy_bomb.png.import
[   4% ] savepack | Storing File: res://.godot/imported/disco_ball.png-eefb4f154b53e892f9750833e856e157.ctex
[   4% ] savepack | Storing File: res://assets/match3/disco_ball.png.import
[   4% ] savepack | Storing File: res://.godot/imported/double_ended_rocket.png-2a5c937dcc20c6dd16d0c73a4a0505d6.ctex
[   4% ] savepack | Storing File: res://assets/match3/double_ended_rocket.png.import
[   5% ] savepack | Storing File: res://.godot/imported/flying_rocket.png-de722f513d047200ba4cc79df58679f7.ctex
[   5% ] savepack | Storing File: res://assets/match3/flying_rocket.png.import
[   5% ] savepack | Storing File: res://.godot/imported/gold_butterscotch.png-79f4e10d2fd9cb95b3a26ad5f51df817.ctex
[   5% ] savepack | Storing File: res://assets/match3/gold_butterscotch.png.import
[   5% ] savepack | Storing File: res://.godot/imported/green_hard_candy.png-1670c6820efe3b3bcd9b5f8325575f4f.ctex
[   5% ] savepack | Storing File: res://assets/match3/green_hard_candy.png.import
[   5% ] savepack | Storing File: res://.godot/imported/gummy_blueberry.png-9ecbfc73c8235c8b307c3214bc0ce88c.ctex
[   5% ] savepack | Storing File: res://assets/match3/gummy_blueberry.png.import
[   5% ] savepack | Storing File: res://.godot/imported/gummy_lime.png-803f0ad28bce75468e71e6c8ca42d83e.ctex
[   5% ] savepack | Storing File: res://assets/match3/gummy_lime.png.import
[   5% ] savepack | Storing File: res://.godot/imported/gummy_orange.png-759d4959d2cbab2116eb9017bed27469.ctex
[   5% ] savepack | Storing File: res://assets/match3/gummy_orange.png.import
[   6% ] savepack | Storing File: res://.godot/imported/gummy_raspberry.png-fc969ab7df54a0ccba1b8ef1b9e3e270.ctex
[   6% ] savepack | Storing File: res://assets/match3/gummy_raspberry.png.import
[   6% ] savepack | Storing File: res://.godot/imported/mallow_blueberry.png-9672eeca9f2fcd7f4710d169383dff7f.ctex
[   6% ] savepack | Storing File: res://assets/match3/mallow_blueberry.png.import
[   6% ] savepack | Storing File: res://.godot/imported/mallow_lemon.png-86a03e1001d81df960d7a2cb5615b660.ctex
[   6% ] savepack | Storing File: res://assets/match3/mallow_lemon.png.import
[   6% ] savepack | Storing File: res://.godot/imported/mallow_mint.png-71407d51baabbe8b3f549b63c8c68b94.ctex
[   6% ] savepack | Storing File: res://assets/match3/mallow_mint.png.import
[   6% ] savepack | Storing File: res://.godot/imported/mallow_strawberry.png-7d5041017464a143854429bce5d4dd31.ctex
[   6% ] savepack | Storing File: res://assets/match3/mallow_strawberry.png.import
[   6% ] savepack | Storing File: res://.godot/imported/red_round_candy.png-b2988190a0c7eb0e63c818a4f731d1f6.ctex
[   6% ] savepack | Storing File: res://assets/match3/red_round_candy.png.import
[   7% ] savepack | Storing File: res://.godot/imported/apple.png-2b67d7501b62b2e94ded26d32cf4f075.ctex
[   7% ] savepack | Storing File: res://assets/merge/apple.png.import
[   7% ] savepack | Storing File: res://.godot/imported/apple_juice.png-2075606d170264c97b2f702484f84969.ctex
[   7% ] savepack | Storing File: res://assets/merge/apple_juice.png.import
[   7% ] savepack | Storing File: res://.godot/imported/apple_pitcher.png-817872db16ff33eb0a50dbbeddc99439.ctex
[   7% ] savepack | Storing File: res://assets/merge/apple_pitcher.png.import
[   7% ] savepack | Storing File: res://.godot/imported/blueberries.png-34f823111cb9738cc20e25fd6032681a.ctex
[   7% ] savepack | Storing File: res://assets/merge/blueberries.png.import
[   7% ] savepack | Storing File: res://.godot/imported/blueberry_batter.png-36740c707e26ddb6e7f84758faa89056.ctex
[   7% ] savepack | Storing File: res://assets/merge/blueberry_batter.png.import
[   7% ] savepack | Storing File: res://.godot/imported/blueberry_cake.png-f6f01dca63fbe9d0a787eea38b93467e.ctex
[   7% ] savepack | Storing File: res://assets/merge/blueberry_cake.png.import
[   8% ] savepack | Storing File: res://.godot/imported/blueberry_cake_slice.png-7e15aa19a9dd0336f12f368207a7365a.ctex
[   8% ] savepack | Storing File: res://assets/merge/blueberry_cake_slice.png.import
[   8% ] savepack | Storing File: res://.godot/imported/cake_ingredients_icon.png-b649b3cd1bd815cbaa0c7f4058d31f32.ctex
[   8% ] savepack | Storing File: res://assets/merge/cake_ingredients_icon.png.import
[   8% ] savepack | Storing File: res://.godot/imported/chocolate_bar.png-2c669cada042200ac62da27a2ec3b0e3.ctex
[   8% ] savepack | Storing File: res://assets/merge/chocolate_bar.png.import
[   8% ] savepack | Storing File: res://.godot/imported/chocolate_batter.png-abaeb779ed3bf55f975bb94adf3f0ed6.ctex
[   8% ] savepack | Storing File: res://assets/merge/chocolate_batter.png.import
[   8% ] savepack | Storing File: res://.godot/imported/chocolate_cake.png-20a7f96ac9a8afea75fd269872291bfe.ctex
[   8% ] savepack | Storing File: res://assets/merge/chocolate_cake.png.import
[   8% ] savepack | Storing File: res://.godot/imported/chocolate_cake_slice.png-73d3406279dbb8d160b80b38254a8f3e.ctex
[   8% ] savepack | Storing File: res://assets/merge/chocolate_cake_slice.png.import
[   9% ] savepack | Storing File: res://.godot/imported/chocolate_chip_cookie.png-86c73996e7138cfee1b399a0d013abf6.ctex
[   9% ] savepack | Storing File: res://assets/merge/chocolate_chip_cookie.png.import
[   9% ] savepack | Storing File: res://.godot/imported/chocolate_chip_cookie_box.png-b12de140d56da5f285a84a7f94d53520.ctex
[   9% ] savepack | Storing File: res://assets/merge/chocolate_chip_cookie_box.png.import
[   9% ] savepack | Storing File: res://.godot/imported/chocolate_chip_cookie_jar.png-d75c5679dce03e1cbb1c1945b4bd4a34.ctex
[   9% ] savepack | Storing File: res://assets/merge/chocolate_chip_cookie_jar.png.import
[   9% ] savepack | Storing File: res://.godot/imported/chocolate_chip_cookie_stack.png-09357b9f2fb7f1cba91e09f16d71b20c.ctex
[   9% ] savepack | Storing File: res://assets/merge/chocolate_chip_cookie_stack.png.import
[   9% ] savepack | Storing File: res://.godot/imported/chocolate_cone.png-000e8902f6459c81ea7d65263ddebac1.ctex
[   9% ] savepack | Storing File: res://assets/merge/chocolate_cone.png.import
[   9% ] savepack | Storing File: res://.godot/imported/chocolate_cream.png-58ae5a5c9a7220bb3900414105d1d0a9.ctex
[   9% ] savepack | Storing File: res://assets/merge/chocolate_cream.png.import
[  10% ] savepack | Storing File: res://.godot/imported/chocolate_ice_cream_bowl.png-f252b791ec6a0051eb9880cc20f1899d.ctex
[  10% ] savepack | Storing File: res://assets/merge/chocolate_ice_cream_bowl.png.import
[  10% ] savepack | Storing File: res://.godot/imported/chocolate_milk.png-b79373bb7d329b88a2582560d52c237a.ctex
[  10% ] savepack | Storing File: res://assets/merge/chocolate_milk.png.import
[  10% ] savepack | Storing File: res://.godot/imported/coin_icon.png-1dab38ed7ef94f15b02fde77741b6aac.ctex
[  10% ] savepack | Storing File: res://assets/merge/coin_icon.png.import
[  10% ] savepack | Storing File: res://.godot/imported/cookie_ingredients_icon.png-4e4329fb8febc0670312cd797af904ab.ctex
[  10% ] savepack | Storing File: res://assets/merge/cookie_ingredients_icon.png.import
[  10% ] savepack | Storing File: res://.godot/imported/exotic_apple_juice.png-d9504282e7b994fdc3c4ab41c0a36d2d.ctex
[  10% ] savepack | Storing File: res://assets/merge/exotic_apple_juice.png.import
[  10% ] savepack | Storing File: res://.godot/imported/exotic_orange_juice.png-dfe0baf30cf644c4c0ce12a3c3f0430f.ctex
[  10% ] savepack | Storing File: res://assets/merge/exotic_orange_juice.png.import
[  11% ] savepack | Storing File: res://.godot/imported/ice_cream_ingredients_icon.png-08fe3a80169d1c81febf307ea767e4f1.ctex
[  11% ] savepack | Storing File: res://assets/merge/ice_cream_ingredients_icon.png.import
[  11% ] savepack | Storing File: res://.godot/imported/lemon.png-b0e7b011d414c8cff6f78846810fdc38.ctex
[  11% ] savepack | Storing File: res://assets/merge/lemon.png.import
[  11% ] savepack | Storing File: res://.godot/imported/lemonade.png-f00ff3d095e12ee608935a309a807d08.ctex
[  11% ] savepack | Storing File: res://assets/merge/lemonade.png.import
[  11% ] savepack | Storing File: res://.godot/imported/lemonade_item_sheet.png-050d37eae7f6a71fabf2b627818b8ae4.ctex
[  11% ] savepack | Storing File: res://assets/merge/lemonade_item_sheet.png.import
[  11% ] savepack | Storing File: res://.godot/imported/lucky_cookie.png-cc63a7032b1bca48bd9edef51257467f.ctex
[  11% ] savepack | Storing File: res://assets/merge/lucky_cookie.png.import
[  11% ] savepack | Storing File: res://.godot/imported/lucky_cookie_box.png-7bd1ef22ff1b5c0f6958bc02e26ed8a8.ctex
[  11% ] savepack | Storing File: res://assets/merge/lucky_cookie_box.png.import
[  12% ] savepack | Storing File: res://.godot/imported/lucky_cookie_jar.png-682f8d3a781c5d15c1b4a470cdc88995.ctex
[  12% ] savepack | Storing File: res://assets/merge/lucky_cookie_jar.png.import
[  12% ] savepack | Storing File: res://.godot/imported/lucky_cookie_stack.png-77e474a8bf86f0e4d693e7cb7596d2bb.ctex
[  12% ] savepack | Storing File: res://assets/merge/lucky_cookie_stack.png.import
[  12% ] savepack | Storing File: res://.godot/imported/magic_pitcher.png-f05bb6eb51fb96d64b03e617a012a560.ctex
[  12% ] savepack | Storing File: res://assets/merge/magic_pitcher.png.import
[  12% ] savepack | Storing File: res://.godot/imported/milk_pitcher.png-4905361b4d0b7d3cf139f4fddfe9d50c.ctex
[  12% ] savepack | Storing File: res://assets/merge/milk_pitcher.png.import
[  12% ] savepack | Storing File: res://.godot/imported/mixed_ingredients_icon.png-a822c185bd968f65a7df0a5b5d3bfd54.ctex
[  12% ] savepack | Storing File: res://assets/merge/mixed_ingredients_icon.png.import
[  12% ] savepack | Storing File: res://.godot/imported/multi_fruit_icon.png-23409bb536abc34e86fd3c54593500df.ctex
[  12% ] savepack | Storing File: res://assets/merge/multi_fruit_icon.png.import
[  13% ] savepack | Storing File: res://.godot/imported/orange.png-1ede8ac8b25b6a0fc9dfcfc33b54621d.ctex
[  13% ] savepack | Storing File: res://assets/merge/orange.png.import
[  13% ] savepack | Storing File: res://.godot/imported/orange_juice.png-3158d42d7e1627a9d8f09eabf14d54f8.ctex
[  13% ] savepack | Storing File: res://assets/merge/orange_juice.png.import
[  13% ] savepack | Storing File: res://.godot/imported/orange_pitcher.png-2977a5ea9e490086ac405f19cd3ea7b4.ctex
[  13% ] savepack | Storing File: res://assets/merge/orange_pitcher.png.import
[  13% ] savepack | Storing File: res://.godot/imported/pink_sugar_cookie.png-dea16be434801f04e9c9ddf835afe347.ctex
[  13% ] savepack | Storing File: res://assets/merge/pink_sugar_cookie.png.import
[  13% ] savepack | Storing File: res://.godot/imported/pink_sugar_cookie_box.png-ecdb688ebbe89a0b9c7b6ea305041c24.ctex
[  13% ] savepack | Storing File: res://assets/merge/pink_sugar_cookie_box.png.import
[  13% ] savepack | Storing File: res://.godot/imported/pink_sugar_cookie_jar.png-6beb6e2d9fa47f8d9b14721abdf72d97.ctex
[  13% ] savepack | Storing File: res://assets/merge/pink_sugar_cookie_jar.png.import
[  14% ] savepack | Storing File: res://.godot/imported/pink_sugar_cookie_stack.png-bedba1dffa0be4335c59afb1e5ff0d7b.ctex
[  14% ] savepack | Storing File: res://assets/merge/pink_sugar_cookie_stack.png.import
[  14% ] savepack | Storing File: res://.godot/imported/pistachios.png-72a687472e357938f5e806eeb960b564.ctex
[  14% ] savepack | Storing File: res://assets/merge/pistachios.png.import
[  14% ] savepack | Storing File: res://.godot/imported/pistachio_cone.png-c350779dbbb0cb18db9b259e25ad6baa.ctex
[  14% ] savepack | Storing File: res://assets/merge/pistachio_cone.png.import
[  14% ] savepack | Storing File: res://.godot/imported/pistachio_cream.png-661aafb9eb4da519b0f618ceafdd25fc.ctex
[  14% ] savepack | Storing File: res://assets/merge/pistachio_cream.png.import
[  14% ] savepack | Storing File: res://.godot/imported/pistachio_ice_cream_bowl.png-478d2bfb755443ad64efec67b23d69f3.ctex
[  14% ] savepack | Storing File: res://assets/merge/pistachio_ice_cream_bowl.png.import
[  14% ] savepack | Storing File: res://.godot/imported/sandwich_cookie.png-8d1f5c2ffa7f2aecc1c4af41a27972b0.ctex
[  14% ] savepack | Storing File: res://assets/merge/sandwich_cookie.png.import
[  15% ] savepack | Storing File: res://.godot/imported/sandwich_cookie_box.png-d1b5d4cb8cb92f15967064a28518c07e.ctex
[  15% ] savepack | Storing File: res://assets/merge/sandwich_cookie_box.png.import
[  15% ] savepack | Storing File: res://.godot/imported/sandwich_cookie_jar.png-97babea4857af304e4da9a5c463abc2b.ctex
[  15% ] savepack | Storing File: res://assets/merge/sandwich_cookie_jar.png.import
[  15% ] savepack | Storing File: res://.godot/imported/sandwich_cookie_stack.png-49d3b8024640227d89cd4e555f1d9464.ctex
[  15% ] savepack | Storing File: res://assets/merge/sandwich_cookie_stack.png.import
[  15% ] savepack | Storing File: res://.godot/imported/strawberry.png-c371cee2db503f594548ab866770ca4c.ctex
[  15% ] savepack | Storing File: res://assets/merge/strawberry.png.import
[  15% ] savepack | Storing File: res://.godot/imported/strawberry_batter.png-7f0b246e423435613949a85a5d49fd4c.ctex
[  15% ] savepack | Storing File: res://assets/merge/strawberry_batter.png.import
[  15% ] savepack | Storing File: res://.godot/imported/strawberry_cake.png-d7e9a7ebbb0abbc0b759a1f37eb94173.ctex
[  15% ] savepack | Storing File: res://assets/merge/strawberry_cake.png.import
[  16% ] savepack | Storing File: res://.godot/imported/strawberry_cake_slice.png-b9b3be7ff24ab43df84cb6a63856506e.ctex
[  16% ] savepack | Storing File: res://assets/merge/strawberry_cake_slice.png.import
[  16% ] savepack | Storing File: res://.godot/imported/strawberry_lemonade.png-dd1a9c21a12104e59cc6fe42900b3b41.ctex
[  16% ] savepack | Storing File: res://assets/merge/strawberry_lemonade.png.import
[  16% ] savepack | Storing File: res://.godot/imported/sugar_die_three.png-105d4023c3da02f5bb2c163a4dd2bf45.ctex
[  16% ] savepack | Storing File: res://assets/merge/sugar_die_three.png.import
[  16% ] savepack | Storing File: res://.godot/imported/trash_icon.png-954ac6ea57fc0cb34c290226b8f7b524.ctex
[  16% ] savepack | Storing File: res://assets/merge/trash_icon.png.import
[  16% ] savepack | Storing File: res://.godot/imported/vanilla_batter.png-22ed2df119d80538702eff67b0ff3ecd.ctex
[  16% ] savepack | Storing File: res://assets/merge/vanilla_batter.png.import
[  16% ] savepack | Storing File: res://.godot/imported/vanilla_cake.png-83b556b2471162f708cd90d337c51c97.ctex
[  16% ] savepack | Storing File: res://assets/merge/vanilla_cake.png.import
[  17% ] savepack | Storing File: res://.godot/imported/vanilla_cake_slice.png-dbd211769fc36d146ce1f4fe777db875.ctex
[  17% ] savepack | Storing File: res://assets/merge/vanilla_cake_slice.png.import
[  17% ] savepack | Storing File: res://.godot/imported/vanilla_cone.png-e59fcff64e030ba7acde24a828168ec5.ctex
[  17% ] savepack | Storing File: res://assets/merge/vanilla_cone.png.import
[  17% ] savepack | Storing File: res://.godot/imported/vanilla_cream.png-280342bc8427f343bc237c4c704fdd3e.ctex
[  17% ] savepack | Storing File: res://assets/merge/vanilla_cream.png.import
[  17% ] savepack | Storing File: res://.godot/imported/vanilla_flowers.png-d28528f87a010672ef496e0007449ff0.ctex
[  17% ] savepack | Storing File: res://assets/merge/vanilla_flowers.png.import
[  17% ] savepack | Storing File: res://.godot/imported/vanilla_ice_cream_bowl.png-4477adabd2775c44e1ce22c24dd040a4.ctex
[  17% ] savepack | Storing File: res://assets/merge/vanilla_ice_cream_bowl.png.import
[  17% ] savepack | Storing File: res://.godot/imported/bakery_equipment.png-b249e633f9088e31e57ab9c78684cf65.ctex
[  17% ] savepack | Storing File: res://assets/stations/bakery_equipment.png.import
[  17% ] savepack | Storing File: res://.godot/imported/bakery_station_board.png-755afa2baaba84af95aea3746ca27f72.ctex
[  17% ] savepack | Storing File: res://assets/stations/bakery_station_board.png.import
[  18% ] savepack | Storing File: res://.godot/imported/bakery_station_clear_contrast.png-0d5c7c124f42d9885d6e0d5dce7c9a65.ctex
[  18% ] savepack | Storing File: res://assets/stations/bakery_station_clear_contrast.png.import
[  18% ] savepack | Storing File: res://.godot/imported/bakery_station_close.png-e5e160ac69613c2e7a99273fa69dc609.ctex
[  18% ] savepack | Storing File: res://assets/stations/bakery_station_close.png.import
[  18% ] savepack | Storing File: res://.godot/imported/bakery_station_engine_footprint.png-09d16eb276a3d2dcbcc85aa50dccdb48.ctex
[  18% ] savepack | Storing File: res://assets/stations/bakery_station_engine_footprint.png.import
[  18% ] savepack | Storing File: res://.godot/imported/bakery_station_floor_exact.png-7e758ca540fd26b87a546d1d317a68b8.ctex
[  18% ] savepack | Storing File: res://assets/stations/bakery_station_floor_exact.png.import
[  18% ] savepack | Storing File: res://.godot/imported/bakery_station_grid_aligned.png-763a7c27d7f5a4beb6310f4eca5a7406.ctex
[  18% ] savepack | Storing File: res://assets/stations/bakery_station_grid_aligned.png.import
[  18% ] savepack | Storing File: res://.godot/imported/bakery_station_grid_fitted.png-4e9105962a97684dfa456890b64a61d9.ctex
[  18% ] savepack | Storing File: res://assets/stations/bakery_station_grid_fitted.png.import
[  19% ] savepack | Storing File: res://.godot/imported/bakery_station_left_arm_forward.png-0fced1ea73ecaf663a784ff85ac3abf5.ctex
[  19% ] savepack | Storing File: res://assets/stations/bakery_station_left_arm_forward.png.import
[  19% ] savepack | Storing File: res://.godot/imported/bakery_station_polished_aligned.png-a25d7bc6e71f9b86ca9ec40138d4a4be.ctex
[  19% ] savepack | Storing File: res://assets/stations/bakery_station_polished_aligned.png.import
[  19% ] savepack | Storing File: res://.godot/imported/bakery_station_polished_corner_exact.png-fb2742d1f93a4a454dfe707a6cf8d9bf.ctex
[  19% ] savepack | Storing File: res://assets/stations/bakery_station_polished_corner_exact.png.import
[  19% ] savepack | Storing File: res://.godot/imported/bakery_station_polished_grid_exact.png-88da9fb6aa97ef7bcbe731f449aeef2c.ctex
[  19% ] savepack | Storing File: res://assets/stations/bakery_station_polished_grid_exact.png.import
[  19% ] savepack | Storing File: res://.godot/imported/bakery_station_polished_zoom_out.png-86e60d390611438944d5a2c510502b53.ctex
[  19% ] savepack | Storing File: res://assets/stations/bakery_station_polished_zoom_out.png.import
[  19% ] savepack | Storing File: res://.godot/imported/bakery_station_polished_zoom_out_corner_exact.png-446e16487d4c4657fd7ebf6710b7478f.ctex
[  19% ] savepack | Storing File: res://assets/stations/bakery_station_polished_zoom_out_corner_exact.png.import
[  20% ] savepack | Storing File: res://.godot/imported/bakery_station_polished_zoom_out_corner_fixed.png-3636df779b48dec64838fb33240be215.ctex
[  20% ] savepack | Storing File: res://assets/stations/bakery_station_polished_zoom_out_corner_fixed.png.import
[  20% ] savepack | Storing File: res://.godot/imported/bakery_station_redrawn.png-b54620748aa23217ccd01849ab212ece.ctex
[  20% ] savepack | Storing File: res://assets/stations/bakery_station_redrawn.png.import
[  20% ] savepack | Storing File: res://.godot/imported/bakery_station_two_wide.png-0a88dbf08e6ca70fb1e3c395e015693c.ctex
[  20% ] savepack | Storing File: res://assets/stations/bakery_station_two_wide.png.import
[  20% ] savepack | Storing File: res://.godot/imported/bakery_station_user_geometry_enhanced.png-33c507f679c05d592486d5dbfddac76b.ctex
[  20% ] savepack | Storing File: res://assets/stations/bakery_station_user_geometry_enhanced.png.import
[  20% ] savepack | Storing File: res://.godot/imported/bakery_station_user_render_match.png-75ee9e05f21a668f608d55ad00b0380f.ctex
[  20% ] savepack | Storing File: res://assets/stations/bakery_station_user_render_match.png.import
[  20% ] savepack | Storing File: res://.godot/imported/tea_bar_equal_width_v9.png-70280307684b72043dcfc6e84d213932.ctex
[  20% ] savepack | Storing File: res://assets/stations/tea_bar_equal_width_v9.png.import
[  21% ] savepack | Storing File: res://.godot/imported/tea_bar_equal_width_v10.png-cc464017151e6f7db374f4fd8152b670.ctex
[  21% ] savepack | Storing File: res://assets/stations/tea_bar_equal_width_v10.png.import
[  21% ] savepack | Storing File: res://.godot/imported/tea_bar_floor_slope_v15.png-93aaf446c1cefc265409bdc5bacb1f2a.ctex
[  21% ] savepack | Storing File: res://assets/stations/tea_bar_floor_slope_v15.png.import
[  21% ] savepack | Storing File: res://.godot/imported/tea_bar_footprint_fitted_v13.png-31e21f0629bd0fa97093018697cb6ae0.ctex
[  21% ] savepack | Storing File: res://assets/stations/tea_bar_footprint_fitted_v13.png.import
[  21% ] savepack | Storing File: res://.godot/imported/tea_bar_grid_aligned_v12.png-7ad668b4dc5d6b2c44bbe54f8055b2cc.ctex
[  21% ] savepack | Storing File: res://assets/stations/tea_bar_grid_aligned_v12.png.import
[  21% ] savepack | Storing File: res://.godot/imported/tea_bar_original_redraw_v6.png-2d63210af4265c92bed01e270b7af282.ctex
[  21% ] savepack | Storing File: res://assets/stations/tea_bar_original_redraw_v6.png.import
[  21% ] savepack | Storing File: res://.godot/imported/tea_bar_right_arm_extended_v7.png-09dde214001c57dd7584c98bd8bbb1a3.ctex
[  21% ] savepack | Storing File: res://assets/stations/tea_bar_right_arm_extended_v7.png.import
[  22% ] savepack | Storing File: res://.godot/imported/tea_bar_right_arm_extended_v8.png-6228ec451f73a76159aac6db58fac508.ctex
[  22% ] savepack | Storing File: res://assets/stations/tea_bar_right_arm_extended_v8.png.import
[  22% ] savepack | Storing File: res://.godot/imported/tea_bar_rotated_right_v11.png-95fa82d07d647b8e00baf0ab180c378e.ctex
[  22% ] savepack | Storing File: res://assets/stations/tea_bar_rotated_right_v11.png.import
[  22% ] savepack | Storing File: res://.godot/imported/tea_bar_true_2to1_v16.png-43a1bd688dcf0979e2afa03cb803525c.ctex
[  22% ] savepack | Storing File: res://assets/stations/tea_bar_true_2to1_v16.png.import
[  22% ] savepack | Storing File: res://.godot/imported/tea_bar_u.png-b7ac72065193430cda88f5595d69d8bc.ctex
[  22% ] savepack | Storing File: res://assets/stations/tea_bar_u.png.import
[  22% ] savepack | Storing File: res://.godot/imported/tea_bar_user_angle_v14.png-e0ed1151198582402db32126aefc7c50.ctex
[  22% ] savepack | Storing File: res://assets/stations/tea_bar_user_angle_v14.png.import
[  22% ] savepack | Storing File: res://.godot/imported/tea_bar_u_extended.png-10f4be721d774d20889462dcfcfa63d3.ctex
[  22% ] savepack | Storing File: res://assets/stations/tea_bar_u_extended.png.import
[  23% ] savepack | Storing File: res://.godot/imported/tea_bar_u_final.png-20e4770315cfa1a361028b1c6a0f5e85.ctex
[  23% ] savepack | Storing File: res://assets/stations/tea_bar_u_final.png.import
[  23% ] savepack | Storing File: res://.godot/imported/tea_bar_u_grid_angle_v2.png-0cbd9d30a95de130b2dd88bd4cdda6e9.ctex
[  23% ] savepack | Storing File: res://assets/stations/tea_bar_u_grid_angle_v2.png.import
[  23% ] savepack | Storing File: res://.godot/imported/tea_bar_u_grid_angle_v3.png-5eb2351f5e07ccc2dfad3c7df09b3530.ctex
[  23% ] savepack | Storing File: res://assets/stations/tea_bar_u_grid_angle_v3.png.import
[  23% ] savepack | Storing File: res://.godot/imported/tea_bar_u_guide_shape_v5.png-8a7d6fb55e464d6dbf32b5199997332c.ctex
[  23% ] savepack | Storing File: res://assets/stations/tea_bar_u_guide_shape_v5.png.import
[  23% ] savepack | Storing File: res://.godot/imported/tea_bar_u_right_arm_v4.png-6183f14356688a9bd42936b9b35bd7f1.ctex
[  23% ] savepack | Storing File: res://assets/stations/tea_bar_u_right_arm_v4.png.import
[  23% ] savepack | Storing File: res://.godot/imported/tea_bar_u_supported_fridge.png-d86e08c995087974cfd0dcfeed21b084.ctex
[  23% ] savepack | Storing File: res://assets/stations/tea_bar_u_supported_fridge.png.import
[  24% ] savepack | Storing File: res://.godot/imported/sequence_01.png-915f9985163f80d2e4100018e578399d.ctex
[  24% ] savepack | Storing File: res://build/verification/cafeland_reference/opening/sequence_01.png.import
[  24% ] savepack | Storing File: res://.godot/imported/sequence_02.png-6b4b91cbfe138d46e1e879df63ba194f.ctex
[  24% ] savepack | Storing File: res://build/verification/cafeland_reference/opening/sequence_02.png.import
[  24% ] savepack | Storing File: res://.godot/imported/sequence_03.png-c21484b13136ea1230e9aa61f00a593f.ctex
[  24% ] savepack | Storing File: res://build/verification/cafeland_reference/opening/sequence_03.png.import
[  24% ] savepack | Storing File: res://.godot/imported/sequence_04.png-dbde85bde69550a28f02e8a7efd5ed98.ctex
[  24% ] savepack | Storing File: res://build/verification/cafeland_reference/opening/sequence_04.png.import
[  24% ] savepack | Storing File: res://.godot/imported/sequence_05.png-9e9e30dfb07905ed1ea999a9f1c0cb1b.ctex
[  24% ] savepack | Storing File: res://build/verification/cafeland_reference/opening/sequence_05.png.import
[  24% ] savepack | Storing File: res://.godot/imported/sequence_06.png-12d49b5ba338f6bab50506928af61e46.ctex
[  24% ] savepack | Storing File: res://build/verification/cafeland_reference/opening/sequence_06.png.import
[  25% ] savepack | Storing File: res://.godot/imported/contact_01.png-1274fc17e4866245cf238fe71059e6dd.ctex
[  25% ] savepack | Storing File: res://build/verification/cafeland_reference/contact_01.png.import
[  25% ] savepack | Storing File: res://.godot/imported/contact_02.png-08898a905751d7f8064df68cd059b844.ctex
[  25% ] savepack | Storing File: res://build/verification/cafeland_reference/contact_02.png.import
[  25% ] savepack | Storing File: res://.godot/imported/contact_03.png-60a18056deb39ee6f8e06955f5389c7e.ctex
[  25% ] savepack | Storing File: res://build/verification/cafeland_reference/contact_03.png.import
[  25% ] savepack | Storing File: res://.godot/imported/contact_04.png-e2c04689259b3d5fb290e6d61f84f6c2.ctex
[  25% ] savepack | Storing File: res://build/verification/cafeland_reference/contact_04.png.import
[  25% ] savepack | Storing File: res://.godot/imported/contact_05.png-af952a29451e76d442afa5680b4c3368.ctex
[  25% ] savepack | Storing File: res://build/verification/cafeland_reference/contact_05.png.import
[  25% ] savepack | Storing File: res://.godot/imported/audit_candy00000000.png-408bbf33afe1e95ea49f5fb41dee2c49.ctex
[  25% ] savepack | Storing File: res://build/verification/audit_candy00000000.png.import
[  26% ] savepack | Storing File: res://.godot/imported/audit_candy00000001.png-43a899951766fdbd49b3a08163db47c6.ctex
[  26% ] savepack | Storing File: res://build/verification/audit_candy00000001.png.import
[  26% ] savepack | Storing File: res://.godot/imported/audit_candy.wav-d30a55102a3d365a6066cd0a93170a7d.sample
[  26% ] savepack | Storing File: res://build/verification/audit_candy.wav.import
[  26% ] savepack | Storing File: res://.godot/imported/audit_gummy00000000.png-32fd58c357c274af7e7566345e331ba2.ctex
[  26% ] savepack | Storing File: res://build/verification/audit_gummy00000000.png.import
[  26% ] savepack | Storing File: res://.godot/imported/audit_gummy00000001.png-00d0b859b222a8ddd013e197176cb4a7.ctex
[  26% ] savepack | Storing File: res://build/verification/audit_gummy00000001.png.import
[  26% ] savepack | Storing File: res://.godot/imported/audit_gummy.wav-64a061e7403104a4869f3fd2331e726c.sample
[  26% ] savepack | Storing File: res://build/verification/audit_gummy.wav.import
[  26% ] savepack | Storing File: res://.godot/imported/audit_mallow00000000.png-17e6654233e26045f817103e42581db8.ctex
[  26% ] savepack | Storing File: res://build/verification/audit_mallow00000000.png.import
[  27% ] savepack | Storing File: res://.godot/imported/audit_mallow00000001.png-a2215e4ee6918c8dddde9ec68e5cc0ad.ctex
[  27% ] savepack | Storing File: res://build/verification/audit_mallow00000001.png.import
[  27% ] savepack | Storing File: res://.godot/imported/audit_mallow.wav-1c3de48327815c3f578a603ca2d67a34.sample
[  27% ] savepack | Storing File: res://build/verification/audit_mallow.wav.import
[  27% ] savepack | Storing File: res://.godot/imported/bakery_left_corner_final_zoom.png-6505705b06543040a370c1312a7c95fd.ctex
[  27% ] savepack | Storing File: res://build/verification/bakery_left_corner_final_zoom.png.import
[  27% ] savepack | Storing File: res://.godot/imported/bakery_left_corner_zoom.png-3e95c83b34d458758b6b723e925487df.ctex
[  27% ] savepack | Storing File: res://build/verification/bakery_left_corner_zoom.png.import
[  27% ] savepack | Storing File: res://.godot/imported/board7_gummy00000000.png-fe3502ef01e99b186ffb2b8436bfc781.ctex
[  27% ] savepack | Storing File: res://build/verification/board7_gummy00000000.png.import
[  27% ] savepack | Storing File: res://.godot/imported/board7_gummy00000001.png-9b3bd20f3a747aa2045feb9dcd6dd7b2.ctex
[  27% ] savepack | Storing File: res://build/verification/board7_gummy00000001.png.import
[  28% ] savepack | Storing File: res://.godot/imported/board7_gummy.wav-6bd4bb00651e9f64ed675325a81ddc82.sample
[  28% ] savepack | Storing File: res://build/verification/board7_gummy.wav.import
[  28% ] savepack | Storing File: res://.godot/imported/board8_mallow00000000.png-68c80f4e8c6e016254c6378bd1d9578b.ctex
[  28% ] savepack | Storing File: res://build/verification/board8_mallow00000000.png.import
[  28% ] savepack | Storing File: res://.godot/imported/board8_mallow00000001.png-6f19ee168c8b20d527a1ac2ee249e62c.ctex
[  28% ] savepack | Storing File: res://build/verification/board8_mallow00000001.png.import
[  28% ] savepack | Storing File: res://.godot/imported/board8_mallow.wav-18214a0fb9086c85926067904e457d6b.sample
[  28% ] savepack | Storing File: res://build/verification/board8_mallow.wav.import
[  28% ] savepack | Storing File: res://.godot/imported/cafe_alignment.png-439c1ea9026c972c9b8e9347ba616735.ctex
[  28% ] savepack | Storing File: res://build/verification/cafe_alignment.png.import
[  28% ] savepack | Storing File: res://.godot/imported/cafe_alignment_current.png-d960e8545ed14ee2e801d702c9e054e7.ctex
[  28% ] savepack | Storing File: res://build/verification/cafe_alignment_current.png.import
[  29% ] savepack | Storing File: res://.godot/imported/cafe_all_edges_aligned_clean.png-155082982e133dcd8f472de4f5edbf25.ctex
[  29% ] savepack | Storing File: res://build/verification/cafe_all_edges_aligned_clean.png.import
[  29% ] savepack | Storing File: res://.godot/imported/cafe_all_edges_alignment.png-a3e962155075e654b2e2e7e2f246713a.ctex
[  29% ] savepack | Storing File: res://build/verification/cafe_all_edges_alignment.png.import
[  29% ] savepack | Storing File: res://.godot/imported/cafe_bakery_corner_close.png-3ef514cdd4aa18c48c4e3ddd1e0360f7.ctex
[  29% ] savepack | Storing File: res://build/verification/cafe_bakery_corner_close.png.import
[  29% ] savepack | Storing File: res://.godot/imported/cafe_bakery_max_zoom_alignment.png-a55eeb2cc3d407e722b837c76529b84b.ctex
[  29% ] savepack | Storing File: res://build/verification/cafe_bakery_max_zoom_alignment.png.import
[  29% ] savepack | Storing File: res://.godot/imported/cafe_bakery_max_zoom_out.png-ba138205537a265e2a3693b18ea3ffa4.ctex
[  29% ] savepack | Storing File: res://build/verification/cafe_bakery_max_zoom_out.png.import
[  29% ] savepack | Storing File: res://.godot/imported/cafe_clear_contrast.png-498bd01d407efe01a8ec2011814e4106.ctex
[  29% ] savepack | Storing File: res://build/verification/cafe_clear_contrast.png.import
[  30% ] savepack | Storing File: res://.godot/imported/cafe_exact_floor_lines.png-07702cfe7029fd8447b7944d86e379e4.ctex
[  30% ] savepack | Storing File: res://build/verification/cafe_exact_floor_lines.png.import
[  30% ] savepack | Storing File: res://.godot/imported/cafe_exact_floor_lines_clean.png-e5b61fc4b1cebb487d0f69a205ff21c8.ctex
[  30% ] savepack | Storing File: res://build/verification/cafe_exact_floor_lines_clean.png.import
[  30% ] savepack | Storing File: res://.godot/imported/cafe_frame00000000.png-dd2261d1d5e8adaa0c4fb28afe3852db.ctex
[  30% ] savepack | Storing File: res://build/verification/cafe_frame00000000.png.import
[  30% ] savepack | Storing File: res://.godot/imported/cafe_frame00000001.png-aaf0a3e84200094552f244a930448028.ctex
[  30% ] savepack | Storing File: res://build/verification/cafe_frame00000001.png.import
[  30% ] savepack | Storing File: res://.godot/imported/cafe_frame.wav-69031da49143d778131c2a1c9f82e302.sample
[  30% ] savepack | Storing File: res://build/verification/cafe_frame.wav.import
[  30% ] savepack | Storing File: res://.godot/imported/cafe_ground_aligned.png-d27675495b89f5afa87607740983df1b.ctex
[  30% ] savepack | Storing File: res://build/verification/cafe_ground_aligned.png.import
[  31% ] savepack | Storing File: res://.godot/imported/cafe_polished_alignment.png-82c40885ef1b14e42e2a9c576ddc0809.ctex
[  31% ] savepack | Storing File: res://build/verification/cafe_polished_alignment.png.import
[  31% ] savepack | Storing File: res://.godot/imported/cafe_polished_clean.png-863f9a40c2ac5041af1a466d4244ab2a.ctex
[  31% ] savepack | Storing File: res://build/verification/cafe_polished_clean.png.import
[  31% ] savepack | Storing File: res://build/verification/capture_cafe.gdc
[  31% ] savepack | Storing File: res://build/verification/capture_match3_variant.gdc
[  31% ] savepack | Storing File: res://build/verification/capture_world_map.gdc
[  31% ] savepack | Storing File: res://.godot/imported/final_board_1.wav-04d748d53bcba5928d9aa3b7a0384beb.sample
[  31% ] savepack | Storing File: res://build/verification/final_board_1.wav.import
[  32% ] savepack | Storing File: res://.godot/imported/final_board_2.wav-d395cf0beeeb1eb1b07f6b9c95babeae.sample
[  32% ] savepack | Storing File: res://build/verification/final_board_2.wav.import
[  32% ] savepack | Storing File: res://.godot/imported/final_board_3.wav-f8f41d2b5c99ef23b27968f9996644ae.sample
[  32% ] savepack | Storing File: res://build/verification/final_board_3.wav.import
[  32% ] savepack | Storing File: res://.godot/imported/final_board_4.wav-f54cab4b583d753af99180ed2e75ea1f.sample
[  32% ] savepack | Storing File: res://build/verification/final_board_4.wav.import
[  32% ] savepack | Storing File: res://.godot/imported/final_board_5.wav-eb386d924965bb2560d45324f481f478.sample
[  32% ] savepack | Storing File: res://build/verification/final_board_5.wav.import
[  32% ] savepack | Storing File: res://.godot/imported/final_board_6.wav-3a020f120f6fc9300af5be3be336e1d0.sample
[  32% ] savepack | Storing File: res://build/verification/final_board_6.wav.import
[  32% ] savepack | Storing File: res://.godot/imported/final_board_7.wav-21585fba7fda86fa0646d77801bfa515.sample
[  32% ] savepack | Storing File: res://build/verification/final_board_7.wav.import
[  33% ] savepack | Storing File: res://.godot/imported/final_board_8.wav-d2f47d43cd6dae45bbd03d1bb3b87423.sample
[  33% ] savepack | Storing File: res://build/verification/final_board_8.wav.import
[  33% ] savepack | Storing File: res://.godot/imported/final_board_100000000.png-f459eba13701b35d5410a499b89bf3f0.ctex
[  33% ] savepack | Storing File: res://build/verification/final_board_100000000.png.import
[  33% ] savepack | Storing File: res://.godot/imported/final_board_100000001.png-e0c61028fa1b4341a33b0e76dbf34476.ctex
[  33% ] savepack | Storing File: res://build/verification/final_board_100000001.png.import
[  33% ] savepack | Storing File: res://.godot/imported/final_board_200000000.png-3e26d664b6a5f7b0196e5f4a09b9eb21.ctex
[  33% ] savepack | Storing File: res://build/verification/final_board_200000000.png.import
[  33% ] savepack | Storing File: res://.godot/imported/final_board_200000001.png-a5559aefb6c1aa43d44d7a65e2f393b5.ctex
[  33% ] savepack | Storing File: res://build/verification/final_board_200000001.png.import
[  33% ] savepack | Storing File: res://.godot/imported/final_board_300000000.png-3607daebbe097e1725d4a0db220d2ab6.ctex
[  33% ] savepack | Storing File: res://build/verification/final_board_300000000.png.import
[  33% ] savepack | Storing File: res://.godot/imported/final_board_300000001.png-5016243cbbc6b044430b3225b9a55af8.ctex
[  33% ] savepack | Storing File: res://build/verification/final_board_300000001.png.import
[  33% ] savepack | Storing File: res://.godot/imported/final_board_400000000.png-cf2eb574d39e49d13a5b4c87f6d945ed.ctex
[  33% ] savepack | Storing File: res://build/verification/final_board_400000000.png.import
[  33% ] savepack | Storing File: res://.godot/imported/final_board_400000001.png-5f672ee24b05281bbb5c460506921b42.ctex
[  33% ] savepack | Storing File: res://build/verification/final_board_400000001.png.import
[  33% ] savepack | Storing File: res://.godot/imported/final_board_500000000.png-4147b7cc47ccc547426a620a1fe69074.ctex
[  33% ] savepack | Storing File: res://build/verification/final_board_500000000.png.import
[  33% ] savepack | Storing File: res://.godot/imported/final_board_500000001.png-fcdf373b3239e69073b8f31672ff37fb.ctex
[  33% ] savepack | Storing File: res://build/verification/final_board_500000001.png.import
[  33% ] savepack | Storing File: res://.godot/imported/final_board_600000000.png-635dea72c8bbbc27b9443796a2ff136c.ctex
[  33% ] savepack | Storing File: res://build/verification/final_board_600000000.png.import
[  33% ] savepack | Storing File: res://.godot/imported/final_board_600000001.png-7e146fdcf5b18a02e436c092613ba119.ctex
[  33% ] savepack | Storing File: res://build/verification/final_board_600000001.png.import
[  34% ] savepack | Storing File: res://.godot/imported/final_board_700000000.png-ca72cf7dee4f750fae801d6a8b42d9d0.ctex
[  34% ] savepack | Storing File: res://build/verification/final_board_700000000.png.import
[  34% ] savepack | Storing File: res://.godot/imported/final_board_700000001.png-7ac900bd3908243d4a361b2b53fb8440.ctex
[  34% ] savepack | Storing File: res://build/verification/final_board_700000001.png.import
[  34% ] savepack | Storing File: res://.godot/imported/final_board_800000000.png-b73f1350808236aaeb946a875c732cd4.ctex
[  34% ] savepack | Storing File: res://build/verification/final_board_800000000.png.import
[  34% ] savepack | Storing File: res://.godot/imported/final_board_800000001.png-a119ed89db10a13a17e3c7b6bda669d7.ctex
[  34% ] savepack | Storing File: res://build/verification/final_board_800000001.png.import
[  34% ] savepack | Storing File: res://.godot/imported/final_flying_rocket00000000.png-bc774844a5bbc562fdbb124c98716f91.ctex
[  34% ] savepack | Storing File: res://build/verification/final_flying_rocket00000000.png.import
[  34% ] savepack | Storing File: res://.godot/imported/final_flying_rocket00000001.png-64c9ad6ef145bbcbfdd8821e6bd1bd43.ctex
[  34% ] savepack | Storing File: res://build/verification/final_flying_rocket00000001.png.import
[  35% ] savepack | Storing File: res://.godot/imported/final_flying_rocket00000002.png-a0e097b754862ab6feb38bb1a7a07a91.ctex
[  35% ] savepack | Storing File: res://build/verification/final_flying_rocket00000002.png.import
[  35% ] savepack | Storing File: res://.godot/imported/final_flying_rocket00000003.png-e48e54fed5e41f6e01b97a8e76a42a43.ctex
[  35% ] savepack | Storing File: res://build/verification/final_flying_rocket00000003.png.import
[  35% ] savepack | Storing File: res://.godot/imported/final_flying_rocket00000004.png-cf6eb04f88978c303c48473c68f72bfd.ctex
[  35% ] savepack | Storing File: res://build/verification/final_flying_rocket00000004.png.import
[  35% ] savepack | Storing File: res://.godot/imported/final_flying_rocket00000005.png-8290a70e077c2b7e677608776fe72e01.ctex
[  35% ] savepack | Storing File: res://build/verification/final_flying_rocket00000005.png.import
[  35% ] savepack | Storing File: res://.godot/imported/final_flying_rocket00000006.png-9a714e1ef372206169615b1e861f90a7.ctex
[  35% ] savepack | Storing File: res://build/verification/final_flying_rocket00000006.png.import
[  35% ] savepack | Storing File: res://.godot/imported/final_flying_rocket00000007.png-eb671957ade94894066f3c1a9e0287b1.ctex
[  35% ] savepack | Storing File: res://build/verification/final_flying_rocket00000007.png.import
[  36% ] savepack | Storing File: res://.godot/imported/final_flying_rocket00000008.png-313cd1737bc096405e218338caf31b6e.ctex
[  36% ] savepack | Storing File: res://build/verification/final_flying_rocket00000008.png.import
[  36% ] savepack | Storing File: res://.godot/imported/final_flying_rocket00000009.png-28cf85570306d2e7f66aef3649e2b50f.ctex
[  36% ] savepack | Storing File: res://build/verification/final_flying_rocket00000009.png.import
[  36% ] savepack | Storing File: res://.godot/imported/final_flying_rocket00000010.png-f613c8699bc7845e3b43b4dadf93f7b6.ctex
[  36% ] savepack | Storing File: res://build/verification/final_flying_rocket00000010.png.import
[  36% ] savepack | Storing File: res://.godot/imported/final_flying_rocket00000011.png-8aeef0a368628e9b7a4a16530fe42b73.ctex
[  36% ] savepack | Storing File: res://build/verification/final_flying_rocket00000011.png.import
[  36% ] savepack | Storing File: res://.godot/imported/final_flying_rocket00000012.png-ff19bfc05ec60643a2a9fc457b97c23c.ctex
[  36% ] savepack | Storing File: res://build/verification/final_flying_rocket00000012.png.import
[  36% ] savepack | Storing File: res://.godot/imported/final_flying_rocket00000013.png-b18d261690b3c1a8508e409d85cd173d.ctex
[  36% ] savepack | Storing File: res://build/verification/final_flying_rocket00000013.png.import
[  37% ] savepack | Storing File: res://.godot/imported/final_flying_rocket00000014.png-9af6f94c700409c211578ee67e34a99b.ctex
[  37% ] savepack | Storing File: res://build/verification/final_flying_rocket00000014.png.import
[  37% ] savepack | Storing File: res://.godot/imported/final_flying_rocket00000015.png-0b2e0f3f6ca6dff996ecf42428f6ee5c.ctex
[  37% ] savepack | Storing File: res://build/verification/final_flying_rocket00000015.png.import
[  37% ] savepack | Storing File: res://.godot/imported/final_flying_rocket00000016.png-67d08236c0aeec9259852b029ef5463e.ctex
[  37% ] savepack | Storing File: res://build/verification/final_flying_rocket00000016.png.import
[  37% ] savepack | Storing File: res://.godot/imported/final_flying_rocket00000017.png-2f11cf4edef14c2e631d3619c276b4e4.ctex
[  37% ] savepack | Storing File: res://build/verification/final_flying_rocket00000017.png.import
[  37% ] savepack | Storing File: res://.godot/imported/final_flying_rocket00000018.png-0eded2fec881b64c50e89f66ddebf4f7.ctex
[  37% ] savepack | Storing File: res://build/verification/final_flying_rocket00000018.png.import
[  37% ] savepack | Storing File: res://.godot/imported/final_flying_rocket00000019.png-cfb74a4af1f24f667b7f481eb682d87a.ctex
[  37% ] savepack | Storing File: res://build/verification/final_flying_rocket00000019.png.import
[  38% ] savepack | Storing File: res://.godot/imported/final_flying_rocket00000020.png-91b0b6c74a51d8eddb549e231f142b8c.ctex
[  38% ] savepack | Storing File: res://build/verification/final_flying_rocket00000020.png.import
[  38% ] savepack | Storing File: res://.godot/imported/final_flying_rocket00000021.png-3abf5e2a2fa8d69cae363c46db31650e.ctex
[  38% ] savepack | Storing File: res://build/verification/final_flying_rocket00000021.png.import
[  38% ] savepack | Storing File: res://.godot/imported/final_flying_rocket00000022.png-d7ef367567c439c978c724e899649bbb.ctex
[  38% ] savepack | Storing File: res://build/verification/final_flying_rocket00000022.png.import
[  38% ] savepack | Storing File: res://.godot/imported/final_flying_rocket00000023.png-292c57f839251fd9cf2f4cf93e665ac4.ctex
[  38% ] savepack | Storing File: res://build/verification/final_flying_rocket00000023.png.import
[  38% ] savepack | Storing File: res://.godot/imported/final_flying_rocket00000024.png-3b7faa1550d03369876ceb9afbf1dd11.ctex
[  38% ] savepack | Storing File: res://build/verification/final_flying_rocket00000024.png.import
[  38% ] savepack | Storing File: res://.godot/imported/final_flying_rocket00000025.png-a62707171b662ecfab338350a1dfde5d.ctex
[  38% ] savepack | Storing File: res://build/verification/final_flying_rocket00000025.png.import
[  39% ] savepack | Storing File: res://.godot/imported/final_flying_rocket00000026.png-b27f31d77d38e83aa39aa17a7c9ade16.ctex
[  39% ] savepack | Storing File: res://build/verification/final_flying_rocket00000026.png.import
[  39% ] savepack | Storing File: res://.godot/imported/final_flying_rocket00000027.png-b7426942609861e60cf1b61070835c5f.ctex
[  39% ] savepack | Storing File: res://build/verification/final_flying_rocket00000027.png.import
[  39% ] savepack | Storing File: res://.godot/imported/final_flying_rocket00000028.png-758889a54cc5992c84cea2983acf5c65.ctex
[  39% ] savepack | Storing File: res://build/verification/final_flying_rocket00000028.png.import
[  39% ] savepack | Storing File: res://.godot/imported/final_flying_rocket00000029.png-cc65bc6c956f0ea56692c750f831469d.ctex
[  39% ] savepack | Storing File: res://build/verification/final_flying_rocket00000029.png.import
[  39% ] savepack | Storing File: res://.godot/imported/final_flying_rocket00000030.png-5e839094c851166f7fb487d70da28663.ctex
[  39% ] savepack | Storing File: res://build/verification/final_flying_rocket00000030.png.import
[  39% ] savepack | Storing File: res://.godot/imported/final_flying_rocket00000031.png-445764a21adced4207fee5c6bf3acb1d.ctex
[  39% ] savepack | Storing File: res://build/verification/final_flying_rocket00000031.png.import
[  40% ] savepack | Storing File: res://.godot/imported/final_flying_rocket00000032.png-1ff99e27b8cb47a52a37240ea41b2bc0.ctex
[  40% ] savepack | Storing File: res://build/verification/final_flying_rocket00000032.png.import
[  40% ] savepack | Storing File: res://.godot/imported/final_flying_rocket00000033.png-46b9ba9f22fda674fc7c744b6cfd4924.ctex
[  40% ] savepack | Storing File: res://build/verification/final_flying_rocket00000033.png.import
[  40% ] savepack | Storing File: res://.godot/imported/final_flying_rocket00000034.png-effd27c0cf0a8af605492498231da708.ctex
[  40% ] savepack | Storing File: res://build/verification/final_flying_rocket00000034.png.import
[  40% ] savepack | Storing File: res://.godot/imported/final_flying_rocket00000035.png-2d9e7bcb2ced1af5e770faa4d2835132.ctex
[  40% ] savepack | Storing File: res://build/verification/final_flying_rocket00000035.png.import
[  40% ] savepack | Storing File: res://.godot/imported/final_flying_rocket.wav-111a0cc7885155fb88eedacd3b5142c9.sample
[  40% ] savepack | Storing File: res://build/verification/final_flying_rocket.wav.import
[  40% ] savepack | Storing File: res://.godot/imported/flying_rocket00000000.png-0ee05c86bb53f9cfbfa3b2c823117622.ctex
[  40% ] savepack | Storing File: res://build/verification/flying_rocket00000000.png.import
[  41% ] savepack | Storing File: res://.godot/imported/flying_rocket00000001.png-f12d180264d27f18a1508e92c4044c64.ctex
[  41% ] savepack | Storing File: res://build/verification/flying_rocket00000001.png.import
[  41% ] savepack | Storing File: res://.godot/imported/flying_rocket00000002.png-1c930a6b9bcceb345a81d6a62d402378.ctex
[  41% ] savepack | Storing File: res://build/verification/flying_rocket00000002.png.import
[  41% ] savepack | Storing File: res://.godot/imported/flying_rocket00000003.png-fea1c37ba1c0fe99510d378900152942.ctex
[  41% ] savepack | Storing File: res://build/verification/flying_rocket00000003.png.import
[  41% ] savepack | Storing File: res://.godot/imported/flying_rocket00000004.png-2f99e5187d28a7e9ec6ddf7faf86f7a8.ctex
[  41% ] savepack | Storing File: res://build/verification/flying_rocket00000004.png.import
[  41% ] savepack | Storing File: res://.godot/imported/flying_rocket00000005.png-c5b704aa0a3bbf8a9b52ecfff1d74fdf.ctex
[  41% ] savepack | Storing File: res://build/verification/flying_rocket00000005.png.import
[  41% ] savepack | Storing File: res://.godot/imported/flying_rocket00000006.png-15202e65f5cf89f3eaf755922d9b1bbb.ctex
[  41% ] savepack | Storing File: res://build/verification/flying_rocket00000006.png.import
[  42% ] savepack | Storing File: res://.godot/imported/flying_rocket00000007.png-8fe155f3c0b2da007d9419656586e9c6.ctex
[  42% ] savepack | Storing File: res://build/verification/flying_rocket00000007.png.import
[  42% ] savepack | Storing File: res://.godot/imported/flying_rocket00000008.png-2585155e72c099a4ac44132f53d178e2.ctex
[  42% ] savepack | Storing File: res://build/verification/flying_rocket00000008.png.import
[  42% ] savepack | Storing File: res://.godot/imported/flying_rocket00000009.png-95f9f72cf372f95399c2ea86a1ce6aa7.ctex
[  42% ] savepack | Storing File: res://build/verification/flying_rocket00000009.png.import
[  42% ] savepack | Storing File: res://.godot/imported/flying_rocket00000010.png-cbc4d07b2b0cf4c16170819c25082e03.ctex
[  42% ] savepack | Storing File: res://build/verification/flying_rocket00000010.png.import
[  42% ] savepack | Storing File: res://.godot/imported/flying_rocket00000011.png-7cf54b3535870ddcc76d428ddd5ff7ad.ctex
[  42% ] savepack | Storing File: res://build/verification/flying_rocket00000011.png.import
[  42% ] savepack | Storing File: res://.godot/imported/flying_rocket00000012.png-82aeb50763bc0e95998663ac0f66d081.ctex
[  42% ] savepack | Storing File: res://build/verification/flying_rocket00000012.png.import
[  43% ] savepack | Storing File: res://.godot/imported/flying_rocket00000013.png-b8145fde1ee14396cf24f8db177a567d.ctex
[  43% ] savepack | Storing File: res://build/verification/flying_rocket00000013.png.import
[  43% ] savepack | Storing File: res://.godot/imported/flying_rocket00000014.png-d3180dde698df6c353f3a1ce59ce3480.ctex
[  43% ] savepack | Storing File: res://build/verification/flying_rocket00000014.png.import
[  43% ] savepack | Storing File: res://.godot/imported/flying_rocket00000015.png-8427a585f555a87a99857f89f0f59df5.ctex
[  43% ] savepack | Storing File: res://build/verification/flying_rocket00000015.png.import
[  43% ] savepack | Storing File: res://.godot/imported/flying_rocket00000016.png-6f42ead1e7b70ceef892b9283065ba1a.ctex
[  43% ] savepack | Storing File: res://build/verification/flying_rocket00000016.png.import
[  43% ] savepack | Storing File: res://.godot/imported/flying_rocket00000017.png-9819bc4c45034e54a04af2fa2323af1a.ctex
[  43% ] savepack | Storing File: res://build/verification/flying_rocket00000017.png.import
[  43% ] savepack | Storing File: res://.godot/imported/flying_rocket00000018.png-7bc0a6734dc62f4d0559e32190179504.ctex
[  43% ] savepack | Storing File: res://build/verification/flying_rocket00000018.png.import
[  44% ] savepack | Storing File: res://.godot/imported/flying_rocket00000019.png-fa7ce544f40e3cd9330b285addb8b23e.ctex
[  44% ] savepack | Storing File: res://build/verification/flying_rocket00000019.png.import
[  44% ] savepack | Storing File: res://.godot/imported/flying_rocket00000020.png-9a6907c8910dfe423e072fcab3687c8c.ctex
[  44% ] savepack | Storing File: res://build/verification/flying_rocket00000020.png.import
[  44% ] savepack | Storing File: res://.godot/imported/flying_rocket00000021.png-15ee079b7e22b9ad337f1dd62a96eec2.ctex
[  44% ] savepack | Storing File: res://build/verification/flying_rocket00000021.png.import
[  44% ] savepack | Storing File: res://.godot/imported/flying_rocket00000022.png-50caa123afab2d6e1d456edbde123463.ctex
[  44% ] savepack | Storing File: res://build/verification/flying_rocket00000022.png.import
[  44% ] savepack | Storing File: res://.godot/imported/flying_rocket00000023.png-662688b11e891e760a8d659264ad7544.ctex
[  44% ] savepack | Storing File: res://build/verification/flying_rocket00000023.png.import
[  44% ] savepack | Storing File: res://.godot/imported/flying_rocket00000024.png-9db4ac773649d72b16be5357b9d28437.ctex
[  44% ] savepack | Storing File: res://build/verification/flying_rocket00000024.png.import
[  45% ] savepack | Storing File: res://.godot/imported/flying_rocket00000025.png-f1d58604101b046714eccabd7c0e67e0.ctex
[  45% ] savepack | Storing File: res://build/verification/flying_rocket00000025.png.import
[  45% ] savepack | Storing File: res://.godot/imported/flying_rocket00000026.png-ec1af8b86a416de32df9470d3b28f4db.ctex
[  45% ] savepack | Storing File: res://build/verification/flying_rocket00000026.png.import
[  45% ] savepack | Storing File: res://.godot/imported/flying_rocket00000027.png-79bb508e5dc363fd8d78354207d315ae.ctex
[  45% ] savepack | Storing File: res://build/verification/flying_rocket00000027.png.import
[  45% ] savepack | Storing File: res://.godot/imported/flying_rocket00000028.png-b236e1c84070d6d82fe0a2ba5405c0e2.ctex
[  45% ] savepack | Storing File: res://build/verification/flying_rocket00000028.png.import
[  45% ] savepack | Storing File: res://.godot/imported/flying_rocket00000029.png-3281e9ff83d318b65c93b0b6dcc98a7e.ctex
[  45% ] savepack | Storing File: res://build/verification/flying_rocket00000029.png.import
[  45% ] savepack | Storing File: res://.godot/imported/flying_rocket00000030.png-592ac08fe2e13ad75dd6313534148bd5.ctex
[  45% ] savepack | Storing File: res://build/verification/flying_rocket00000030.png.import
[  46% ] savepack | Storing File: res://.godot/imported/flying_rocket00000031.png-ed465c8648ce98f48514bcb1303a5740.ctex
[  46% ] savepack | Storing File: res://build/verification/flying_rocket00000031.png.import
[  46% ] savepack | Storing File: res://.godot/imported/flying_rocket00000032.png-70e16f52b045993714c3c7bd5768038b.ctex
[  46% ] savepack | Storing File: res://build/verification/flying_rocket00000032.png.import
[  46% ] savepack | Storing File: res://.godot/imported/flying_rocket00000033.png-9a1bee321ca6d020adacc2b409e3f5f7.ctex
[  46% ] savepack | Storing File: res://build/verification/flying_rocket00000033.png.import
[  46% ] savepack | Storing File: res://.godot/imported/flying_rocket00000034.png-697a99954fb3eb40c0d185f9b59c2a85.ctex
[  46% ] savepack | Storing File: res://build/verification/flying_rocket00000034.png.import
[  46% ] savepack | Storing File: res://.godot/imported/flying_rocket00000035.png-e11c57cb38daa108818c2603e9cff0bc.ctex
[  46% ] savepack | Storing File: res://build/verification/flying_rocket00000035.png.import
[  46% ] savepack | Storing File: res://.godot/imported/flying_rocket.wav-61b15b63ed0ef30e6bd144c2eb2037a8.sample
[  46% ] savepack | Storing File: res://build/verification/flying_rocket.wav.import
[  47% ] savepack | Storing File: res://.godot/imported/flying_rocket_fixed00000000.png-28ea6aa45293ab26c37e11eb3e92aa53.ctex
[  47% ] savepack | Storing File: res://build/verification/flying_rocket_fixed00000000.png.import
[  47% ] savepack | Storing File: res://.godot/imported/flying_rocket_fixed00000001.png-ff7b3defab6bbb82df96325e2d3ee0c8.ctex
[  47% ] savepack | Storing File: res://build/verification/flying_rocket_fixed00000001.png.import
[  47% ] savepack | Storing File: res://.godot/imported/flying_rocket_fixed00000002.png-cf917bd8c86d282bd7a22484ee3436ea.ctex
[  47% ] savepack | Storing File: res://build/verification/flying_rocket_fixed00000002.png.import
[  47% ] savepack | Storing File: res://.godot/imported/flying_rocket_fixed00000003.png-7d2feae3d7bfb1398ef256d1cf28e1c1.ctex
[  47% ] savepack | Storing File: res://build/verification/flying_rocket_fixed00000003.png.import
[  47% ] savepack | Storing File: res://.godot/imported/flying_rocket_fixed00000004.png-f2bf8358dbcfb1d0eb21c283c5e9c9fa.ctex
[  47% ] savepack | Storing File: res://build/verification/flying_rocket_fixed00000004.png.import
[  47% ] savepack | Storing File: res://.godot/imported/flying_rocket_fixed00000005.png-2bb73efa1034c4fe55707a8b792ec04b.ctex
[  47% ] savepack | Storing File: res://build/verification/flying_rocket_fixed00000005.png.import
[  48% ] savepack | Storing File: res://.godot/imported/flying_rocket_fixed00000006.png-4357a622b26daae147a031b9f501e544.ctex
[  48% ] savepack | Storing File: res://build/verification/flying_rocket_fixed00000006.png.import
[  48% ] savepack | Storing File: res://.godot/imported/flying_rocket_fixed00000007.png-cee8ec3144f827ee920c49f97c196f73.ctex
[  48% ] savepack | Storing File: res://build/verification/flying_rocket_fixed00000007.png.import
[  48% ] savepack | Storing File: res://.godot/imported/flying_rocket_fixed00000008.png-8dc9fdf2a51c429f619bf0f7b5bcc718.ctex
[  48% ] savepack | Storing File: res://build/verification/flying_rocket_fixed00000008.png.import
[  48% ] savepack | Storing File: res://.godot/imported/flying_rocket_fixed00000009.png-167e3b20655de225d202723f4f8e442b.ctex
[  48% ] savepack | Storing File: res://build/verification/flying_rocket_fixed00000009.png.import
[  48% ] savepack | Storing File: res://.godot/imported/flying_rocket_fixed00000010.png-1cd00c5b083bbc096ae8daa78bf9d33d.ctex
[  48% ] savepack | Storing File: res://build/verification/flying_rocket_fixed00000010.png.import
[  48% ] savepack | Storing File: res://.godot/imported/flying_rocket_fixed00000011.png-cec8f3b1a16b0f73fddfa1065c4cfca1.ctex
[  48% ] savepack | Storing File: res://build/verification/flying_rocket_fixed00000011.png.import
[  49% ] savepack | Storing File: res://.godot/imported/flying_rocket_fixed00000012.png-3abf4e027105f9b0a591659a62ff1aab.ctex
[  49% ] savepack | Storing File: res://build/verification/flying_rocket_fixed00000012.png.import
[  49% ] savepack | Storing File: res://.godot/imported/flying_rocket_fixed00000013.png-9ed3f74a4a7e59c9452665fb1af5ba72.ctex
[  49% ] savepack | Storing File: res://build/verification/flying_rocket_fixed00000013.png.import
[  49% ] savepack | Storing File: res://.godot/imported/flying_rocket_fixed00000014.png-19f0b545d5d69379207250e0c87cdb37.ctex
[  49% ] savepack | Storing File: res://build/verification/flying_rocket_fixed00000014.png.import
[  49% ] savepack | Storing File: res://.godot/imported/flying_rocket_fixed00000015.png-b53894d1906c584bcb630a7d089f673a.ctex
[  49% ] savepack | Storing File: res://build/verification/flying_rocket_fixed00000015.png.import
[  49% ] savepack | Storing File: res://.godot/imported/flying_rocket_fixed00000016.png-025dad6952a91415087efb3887a4f5c3.ctex
[  49% ] savepack | Storing File: res://build/verification/flying_rocket_fixed00000016.png.import
[  49% ] savepack | Storing File: res://.godot/imported/flying_rocket_fixed00000017.png-87e6787439dad0303b674a7aea1ee547.ctex
[  49% ] savepack | Storing File: res://build/verification/flying_rocket_fixed00000017.png.import
[  50% ] savepack | Storing File: res://.godot/imported/flying_rocket_fixed00000018.png-3137ff9c0b296248fab1e39c50dc4a81.ctex
[  50% ] savepack | Storing File: res://build/verification/flying_rocket_fixed00000018.png.import
[  50% ] savepack | Storing File: res://.godot/imported/flying_rocket_fixed00000019.png-87ffe6363648ed34ac60834106cc0790.ctex
[  50% ] savepack | Storing File: res://build/verification/flying_rocket_fixed00000019.png.import
[  50% ] savepack | Storing File: res://.godot/imported/flying_rocket_fixed00000020.png-3c921e27d72bf72bdb5b0b4a505aa6c3.ctex
[  50% ] savepack | Storing File: res://build/verification/flying_rocket_fixed00000020.png.import
[  50% ] savepack | Storing File: res://.godot/imported/flying_rocket_fixed00000021.png-9d6aa9fa46fd84ac6913132f6c4c92c0.ctex
[  50% ] savepack | Storing File: res://build/verification/flying_rocket_fixed00000021.png.import
[  50% ] savepack | Storing File: res://.godot/imported/flying_rocket_fixed00000022.png-4b26e393f5f234e00b8ae876f8d95876.ctex
[  50% ] savepack | Storing File: res://build/verification/flying_rocket_fixed00000022.png.import
[  50% ] savepack | Storing File: res://.godot/imported/flying_rocket_fixed00000023.png-d81f3ca1ce7c75f4074d1468acdde8e0.ctex
[  50% ] savepack | Storing File: res://build/verification/flying_rocket_fixed00000023.png.import
[  50% ] savepack | Storing File: res://.godot/imported/flying_rocket_fixed00000024.png-7574ef8b543ac905dd65f46ac0e8bbbd.ctex
[  50% ] savepack | Storing File: res://build/verification/flying_rocket_fixed00000024.png.import
[  51% ] savepack | Storing File: res://.godot/imported/flying_rocket_fixed00000025.png-b9eaa66a5dea58c104e62fdf1e201d00.ctex
[  51% ] savepack | Storing File: res://build/verification/flying_rocket_fixed00000025.png.import
[  51% ] savepack | Storing File: res://.godot/imported/flying_rocket_fixed00000026.png-cec5a58976bca034b6c4805951387359.ctex
[  51% ] savepack | Storing File: res://build/verification/flying_rocket_fixed00000026.png.import
[  51% ] savepack | Storing File: res://.godot/imported/flying_rocket_fixed00000027.png-f05d9178cb39f478a40a20e8af4ed6e3.ctex
[  51% ] savepack | Storing File: res://build/verification/flying_rocket_fixed00000027.png.import
[  51% ] savepack | Storing File: res://.godot/imported/flying_rocket_fixed00000028.png-f8568b91e399dee8aa3402f7fc1a718a.ctex
[  51% ] savepack | Storing File: res://build/verification/flying_rocket_fixed00000028.png.import
[  51% ] savepack | Storing File: res://.godot/imported/flying_rocket_fixed00000029.png-3bf688f2da13279703f9ec4efe34cd56.ctex
[  51% ] savepack | Storing File: res://build/verification/flying_rocket_fixed00000029.png.import
[  51% ] savepack | Storing File: res://.godot/imported/flying_rocket_fixed00000030.png-402ad9f5f808176810e1d7f3f1f00605.ctex
[  51% ] savepack | Storing File: res://build/verification/flying_rocket_fixed00000030.png.import
[  52% ] savepack | Storing File: res://.godot/imported/flying_rocket_fixed00000031.png-e1c76929396f29cae7051d75fd6371ec.ctex
[  52% ] savepack | Storing File: res://build/verification/flying_rocket_fixed00000031.png.import
[  52% ] savepack | Storing File: res://.godot/imported/flying_rocket_fixed00000032.png-300a4a4bd46b53e418dbaf8ad9e3479b.ctex
[  52% ] savepack | Storing File: res://build/verification/flying_rocket_fixed00000032.png.import
[  52% ] savepack | Storing File: res://.godot/imported/flying_rocket_fixed00000033.png-b4e0a96d0e7ebefc70e7b603e43bd7c4.ctex
[  52% ] savepack | Storing File: res://build/verification/flying_rocket_fixed00000033.png.import
[  52% ] savepack | Storing File: res://.godot/imported/flying_rocket_fixed00000034.png-28ea5639eed541b25d7583a23c89f2c1.ctex
[  52% ] savepack | Storing File: res://build/verification/flying_rocket_fixed00000034.png.import
[  52% ] savepack | Storing File: res://.godot/imported/flying_rocket_fixed00000035.png-be856f5b62afbe995530ed801077ee67.ctex
[  52% ] savepack | Storing File: res://build/verification/flying_rocket_fixed00000035.png.import
[  52% ] savepack | Storing File: res://.godot/imported/flying_rocket_fixed.wav-9d468ac92ffbdb1c666939958afe0c54.sample
[  52% ] savepack | Storing File: res://build/verification/flying_rocket_fixed.wav.import
[  53% ] savepack | Storing File: res://.godot/imported/match3_borders00000000.png-4bfea797c5902e31e7325b3e94af385e.ctex
[  53% ] savepack | Storing File: res://build/verification/match3_borders00000000.png.import
[  53% ] savepack | Storing File: res://.godot/imported/match3_borders00000001.png-1e39036320939541c6aa3b9febe188aa.ctex
[  53% ] savepack | Storing File: res://build/verification/match3_borders00000001.png.import
[  53% ] savepack | Storing File: res://.godot/imported/match3_borders.wav-28576b2c87f0715c65c71ff0f466e8e9.sample
[  53% ] savepack | Storing File: res://build/verification/match3_borders.wav.import
[  53% ] savepack | Storing File: res://.godot/imported/match3_drag_frame00000000.png-b2af6ad8cdfbc0ad3a0577bbc12ca079.ctex
[  53% ] savepack | Storing File: res://build/verification/match3_drag_frame00000000.png.import
[  53% ] savepack | Storing File: res://.godot/imported/match3_drag_frame00000001.png-2487a1af319d1f13506da9f441367292.ctex
[  53% ] savepack | Storing File: res://build/verification/match3_drag_frame00000001.png.import
[  53% ] savepack | Storing File: res://.godot/imported/match3_drag_frame.wav-2c3c51cf514a162d0da23eaecc3a61f7.sample
[  53% ] savepack | Storing File: res://build/verification/match3_drag_frame.wav.import
[  54% ] savepack | Storing File: res://.godot/imported/match3_equal_size00000000.png-64356882fc4d189e4a3980820ee56328.ctex
[  54% ] savepack | Storing File: res://build/verification/match3_equal_size00000000.png.import
[  54% ] savepack | Storing File: res://.godot/imported/match3_equal_size00000001.png-7397082742938f6521d0fc5c4cbf0bca.ctex
[  54% ] savepack | Storing File: res://build/verification/match3_equal_size00000001.png.import
[  54% ] savepack | Storing File: res://.godot/imported/match3_equal_size.wav-d6d3c8a48a02d1ca5776577f4b31387f.sample
[  54% ] savepack | Storing File: res://build/verification/match3_equal_size.wav.import
[  54% ] savepack | Storing File: res://.godot/imported/match3_frame00000000.png-2d99605c2be5e6a7b1eca0d200d550db.ctex
[  54% ] savepack | Storing File: res://build/verification/match3_frame00000000.png.import
[  54% ] savepack | Storing File: res://.godot/imported/match3_frame00000001.png-7d31ccf2df1722af6d85a01605c58724.ctex
[  54% ] savepack | Storing File: res://build/verification/match3_frame00000001.png.import
[  54% ] savepack | Storing File: res://.godot/imported/match3_frame.wav-a22dd4b51d1320afafb4f205f00fea41.sample
[  54% ] savepack | Storing File: res://build/verification/match3_frame.wav.import
[  55% ] savepack | Storing File: res://.godot/imported/match3_merge_drag00000000.png-aa72030b100dafafe20d24b4e676d44f.ctex
[  55% ] savepack | Storing File: res://build/verification/match3_merge_drag00000000.png.import
[  55% ] savepack | Storing File: res://.godot/imported/match3_merge_drag00000001.png-57775da27071b026b545b45fb8d98877.ctex
[  55% ] savepack | Storing File: res://build/verification/match3_merge_drag00000001.png.import
[  55% ] savepack | Storing File: res://.godot/imported/match3_merge_drag.wav-0ea43e10333db634c6b32665e219a220.sample
[  55% ] savepack | Storing File: res://build/verification/match3_merge_drag.wav.import
[  55% ] savepack | Storing File: res://.godot/imported/match3_showcase00000000.png-6aa2b6940e00f1e5e28db124e3ffa25e.ctex
[  55% ] savepack | Storing File: res://build/verification/match3_showcase00000000.png.import
[  55% ] savepack | Storing File: res://.godot/imported/match3_showcase00000001.png-71760422e3cb84e25fa52ae1a4ffcac4.ctex
[  55% ] savepack | Storing File: res://build/verification/match3_showcase00000001.png.import
[  55% ] savepack | Storing File: res://.godot/imported/match3_showcase00000002.png-163df07b52881bbb905b68fe8448a673.ctex
[  55% ] savepack | Storing File: res://build/verification/match3_showcase00000002.png.import
[  56% ] savepack | Storing File: res://.godot/imported/match3_showcase00000003.png-432aafbc74487582c2d82476c6b33b75.ctex
[  56% ] savepack | Storing File: res://build/verification/match3_showcase00000003.png.import
[  56% ] savepack | Storing File: res://.godot/imported/match3_showcase00000004.png-e085f913969e17252c87b1db19589c0a.ctex
[  56% ] savepack | Storing File: res://build/verification/match3_showcase00000004.png.import
[  56% ] savepack | Storing File: res://.godot/imported/match3_showcase00000005.png-e971f8c5d4d98e550f000f90ae451728.ctex
[  56% ] savepack | Storing File: res://build/verification/match3_showcase00000005.png.import
[  56% ] savepack | Storing File: res://.godot/imported/match3_showcase00000006.png-e28a231d6a5e2bf2299059df1d38b716.ctex
[  56% ] savepack | Storing File: res://build/verification/match3_showcase00000006.png.import
[  56% ] savepack | Storing File: res://.godot/imported/match3_showcase00000007.png-80e1751b7457a45c516dae3c8e59d234.ctex
[  56% ] savepack | Storing File: res://build/verification/match3_showcase00000007.png.import
[  56% ] savepack | Storing File: res://.godot/imported/match3_showcase00000008.png-b0fa986b444c387a70c9c04430763f76.ctex
[  56% ] savepack | Storing File: res://build/verification/match3_showcase00000008.png.import
[  57% ] savepack | Storing File: res://.godot/imported/match3_showcase00000009.png-d1c01d763c92eb4984c283d8d72608e9.ctex
[  57% ] savepack | Storing File: res://build/verification/match3_showcase00000009.png.import
[  57% ] savepack | Storing File: res://.godot/imported/match3_showcase00000010.png-f79f1af46a9b8b3f411311dcf826cffc.ctex
[  57% ] savepack | Storing File: res://build/verification/match3_showcase00000010.png.import
[  57% ] savepack | Storing File: res://.godot/imported/match3_showcase00000011.png-85584f3e9f9d645a77795f5a4a22aea6.ctex
[  57% ] savepack | Storing File: res://build/verification/match3_showcase00000011.png.import
[  57% ] savepack | Storing File: res://.godot/imported/match3_showcase00000012.png-09b9c2fba84d589477020fbea70bed97.ctex
[  57% ] savepack | Storing File: res://build/verification/match3_showcase00000012.png.import
[  57% ] savepack | Storing File: res://.godot/imported/match3_showcase00000013.png-123b50e5d4d03bf1fa2fa1eeea9a8dd6.ctex
[  57% ] savepack | Storing File: res://build/verification/match3_showcase00000013.png.import
[  57% ] savepack | Storing File: res://.godot/imported/match3_showcase00000014.png-aaea72951559c484c43f4f20947c848b.ctex
[  57% ] savepack | Storing File: res://build/verification/match3_showcase00000014.png.import
[  58% ] savepack | Storing File: res://.godot/imported/match3_showcase00000015.png-6e0c931316cb999c5043d91dd5fd6259.ctex
[  58% ] savepack | Storing File: res://build/verification/match3_showcase00000015.png.import
[  58% ] savepack | Storing File: res://.godot/imported/match3_showcase00000016.png-bbf6668fe7dcd2961096fba150790b97.ctex
[  58% ] savepack | Storing File: res://build/verification/match3_showcase00000016.png.import
[  58% ] savepack | Storing File: res://.godot/imported/match3_showcase00000017.png-7cb76264b34c29df3057b66385f6593e.ctex
[  58% ] savepack | Storing File: res://build/verification/match3_showcase00000017.png.import
[  58% ] savepack | Storing File: res://.godot/imported/match3_showcase00000018.png-cdfdd719bc33857698f98f4186bceb88.ctex
[  58% ] savepack | Storing File: res://build/verification/match3_showcase00000018.png.import
[  58% ] savepack | Storing File: res://.godot/imported/match3_showcase00000019.png-88671d67baf5c8b83c81e4ea2e6d7540.ctex
[  58% ] savepack | Storing File: res://build/verification/match3_showcase00000019.png.import
[  58% ] savepack | Storing File: res://.godot/imported/match3_showcase00000020.png-16e61608973197103aab36cd488ff250.ctex
[  58% ] savepack | Storing File: res://build/verification/match3_showcase00000020.png.import
[  59% ] savepack | Storing File: res://.godot/imported/match3_showcase00000021.png-594d45b59fbba6979230006bfd68acd2.ctex
[  59% ] savepack | Storing File: res://build/verification/match3_showcase00000021.png.import
[  59% ] savepack | Storing File: res://.godot/imported/match3_showcase00000022.png-6eaa77e21c78ac990d5f3d3048aa473e.ctex
[  59% ] savepack | Storing File: res://build/verification/match3_showcase00000022.png.import
[  59% ] savepack | Storing File: res://.godot/imported/match3_showcase00000023.png-647a61b163c33f5af7ac35b2715cac1f.ctex
[  59% ] savepack | Storing File: res://build/verification/match3_showcase00000023.png.import
[  59% ] savepack | Storing File: res://.godot/imported/match3_showcase00000024.png-8e6117d2342f342b47be42d582fceb78.ctex
[  59% ] savepack | Storing File: res://build/verification/match3_showcase00000024.png.import
[  59% ] savepack | Storing File: res://.godot/imported/match3_showcase00000025.png-03064d51a204f3f4f33341c51c1d1fab.ctex
[  59% ] savepack | Storing File: res://build/verification/match3_showcase00000025.png.import
[  59% ] savepack | Storing File: res://.godot/imported/match3_showcase00000026.png-dfc88c79e89e4cc326dd2715ea6923ce.ctex
[  59% ] savepack | Storing File: res://build/verification/match3_showcase00000026.png.import
[  60% ] savepack | Storing File: res://.godot/imported/match3_showcase00000027.png-6e71d089d3c8e987cac3586a6de07ea3.ctex
[  60% ] savepack | Storing File: res://build/verification/match3_showcase00000027.png.import
[  60% ] savepack | Storing File: res://.godot/imported/match3_showcase00000028.png-d749e35252ac4ca1ab17404bd25aab34.ctex
[  60% ] savepack | Storing File: res://build/verification/match3_showcase00000028.png.import
[  60% ] savepack | Storing File: res://.godot/imported/match3_showcase00000029.png-678ae23d5068fec6d45e682dd89fe0d6.ctex
[  60% ] savepack | Storing File: res://build/verification/match3_showcase00000029.png.import
[  60% ] savepack | Storing File: res://.godot/imported/match3_showcase00000030.png-4f2d8e27348ff90fe1c7a8798bbcc2a3.ctex
[  60% ] savepack | Storing File: res://build/verification/match3_showcase00000030.png.import
[  60% ] savepack | Storing File: res://.godot/imported/match3_showcase00000031.png-be68e790a3b5642f62d1a10947992bae.ctex
[  60% ] savepack | Storing File: res://build/verification/match3_showcase00000031.png.import
[  60% ] savepack | Storing File: res://.godot/imported/match3_showcase00000032.png-5d68bec69f6ad9bdcaa859bc25aa3c14.ctex
[  60% ] savepack | Storing File: res://build/verification/match3_showcase00000032.png.import
[  61% ] savepack | Storing File: res://.godot/imported/match3_showcase00000033.png-c6f538dc17bd84d8269df9cfd48941e2.ctex
[  61% ] savepack | Storing File: res://build/verification/match3_showcase00000033.png.import
[  61% ] savepack | Storing File: res://.godot/imported/match3_showcase00000034.png-6dedb56c3a0ee8f9d4f1d906bf6454dd.ctex
[  61% ] savepack | Storing File: res://build/verification/match3_showcase00000034.png.import
[  61% ] savepack | Storing File: res://.godot/imported/match3_showcase00000035.png-138a1f423934cd101e5c191ab6bdcc99.ctex
[  61% ] savepack | Storing File: res://build/verification/match3_showcase00000035.png.import
[  61% ] savepack | Storing File: res://.godot/imported/match3_showcase00000036.png-68ea813dd0eb1c2cc4b07e499d82892a.ctex
[  61% ] savepack | Storing File: res://build/verification/match3_showcase00000036.png.import
[  61% ] savepack | Storing File: res://.godot/imported/match3_showcase00000037.png-7aa9923b7bca7d693c907d6bcee15bda.ctex
[  61% ] savepack | Storing File: res://build/verification/match3_showcase00000037.png.import
[  61% ] savepack | Storing File: res://.godot/imported/match3_showcase00000038.png-b77ea79df49e0e74fed83d9396af41e4.ctex
[  61% ] savepack | Storing File: res://build/verification/match3_showcase00000038.png.import
[  62% ] savepack | Storing File: res://.godot/imported/match3_showcase00000039.png-4ced205aa37f8a485674967b1fdfba3f.ctex
[  62% ] savepack | Storing File: res://build/verification/match3_showcase00000039.png.import
[  62% ] savepack | Storing File: res://.godot/imported/match3_showcase00000040.png-e1f2eb6e6bda289f3719098eedc43ee6.ctex
[  62% ] savepack | Storing File: res://build/verification/match3_showcase00000040.png.import
[  62% ] savepack | Storing File: res://.godot/imported/match3_showcase00000041.png-cbee356871a203c403f97f0adc70e3fe.ctex
[  62% ] savepack | Storing File: res://build/verification/match3_showcase00000041.png.import
[  62% ] savepack | Storing File: res://.godot/imported/match3_showcase00000042.png-fe73cefc0fe6c6aeec02d48bba443268.ctex
[  62% ] savepack | Storing File: res://build/verification/match3_showcase00000042.png.import
[  62% ] savepack | Storing File: res://.godot/imported/match3_showcase00000043.png-e8864646561cd2bb183ec314a4e21d1d.ctex
[  62% ] savepack | Storing File: res://build/verification/match3_showcase00000043.png.import
[  62% ] savepack | Storing File: res://.godot/imported/match3_showcase00000044.png-51a9fd040cfc704939311aeac3c93646.ctex
[  62% ] savepack | Storing File: res://build/verification/match3_showcase00000044.png.import
[  63% ] savepack | Storing File: res://.godot/imported/match3_showcase00000045.png-f1dd717bcd336c6081dc8794f6fc057d.ctex
[  63% ] savepack | Storing File: res://build/verification/match3_showcase00000045.png.import
[  63% ] savepack | Storing File: res://.godot/imported/match3_showcase00000046.png-7b27bcf2394476fbfb6c1bb949f9692a.ctex
[  63% ] savepack | Storing File: res://build/verification/match3_showcase00000046.png.import
[  63% ] savepack | Storing File: res://.godot/imported/match3_showcase00000047.png-7e78dc44013eee7234a227361b3fd2e0.ctex
[  63% ] savepack | Storing File: res://build/verification/match3_showcase00000047.png.import
[  63% ] savepack | Storing File: res://.godot/imported/match3_showcase00000048.png-73f389c33a583879e32bfe9258d14a95.ctex
[  63% ] savepack | Storing File: res://build/verification/match3_showcase00000048.png.import
[  63% ] savepack | Storing File: res://.godot/imported/match3_showcase00000049.png-79fcf9a006966099cca468d680ca83d0.ctex
[  63% ] savepack | Storing File: res://build/verification/match3_showcase00000049.png.import
[  63% ] savepack | Storing File: res://.godot/imported/match3_showcase00000050.png-948b9a709bbff5dd7c4cb0dadc559a16.ctex
[  63% ] savepack | Storing File: res://build/verification/match3_showcase00000050.png.import
[  64% ] savepack | Storing File: res://.godot/imported/match3_showcase00000051.png-84201f025f8349976af32fa04e4fdebf.ctex
[  64% ] savepack | Storing File: res://build/verification/match3_showcase00000051.png.import
[  64% ] savepack | Storing File: res://.godot/imported/match3_showcase00000052.png-04e21de0f5b4333fde8554a87472d013.ctex
[  64% ] savepack | Storing File: res://build/verification/match3_showcase00000052.png.import
[  64% ] savepack | Storing File: res://.godot/imported/match3_showcase00000053.png-65ed747634c55cd6cc23661b7508d0e6.ctex
[  64% ] savepack | Storing File: res://build/verification/match3_showcase00000053.png.import
[  64% ] savepack | Storing File: res://.godot/imported/match3_showcase00000054.png-866ebeeeb86f5d3e41db356fcf733005.ctex
[  64% ] savepack | Storing File: res://build/verification/match3_showcase00000054.png.import
[  64% ] savepack | Storing File: res://.godot/imported/match3_showcase00000055.png-c0a9175547f11834ab85b0d272fd9b52.ctex
[  64% ] savepack | Storing File: res://build/verification/match3_showcase00000055.png.import
[  64% ] savepack | Storing File: res://.godot/imported/match3_showcase00000056.png-16310b68cb57d5d6f11b7a577c0a9bfb.ctex
[  64% ] savepack | Storing File: res://build/verification/match3_showcase00000056.png.import
[  65% ] savepack | Storing File: res://.godot/imported/match3_showcase00000057.png-4aff2e4a509b3aff85551c2b60a2408c.ctex
[  65% ] savepack | Storing File: res://build/verification/match3_showcase00000057.png.import
[  65% ] savepack | Storing File: res://.godot/imported/match3_showcase00000058.png-06cb86202d710404de7ee5cc209873f3.ctex
[  65% ] savepack | Storing File: res://build/verification/match3_showcase00000058.png.import
[  65% ] savepack | Storing File: res://.godot/imported/match3_showcase00000059.png-8ea2134b3768946b9ccc64c41a3e5e2f.ctex
[  65% ] savepack | Storing File: res://build/verification/match3_showcase00000059.png.import
[  65% ] savepack | Storing File: res://.godot/imported/match3_showcase00000060.png-40af6349a39d27c22f33a4496ca07be2.ctex
[  65% ] savepack | Storing File: res://build/verification/match3_showcase00000060.png.import
[  65% ] savepack | Storing File: res://.godot/imported/match3_showcase00000061.png-6a2e1b817f4dda23f910f03f718b7e84.ctex
[  65% ] savepack | Storing File: res://build/verification/match3_showcase00000061.png.import
[  65% ] savepack | Storing File: res://.godot/imported/match3_showcase00000062.png-b9296dd03a19242432c5c7c1f0b20956.ctex
[  65% ] savepack | Storing File: res://build/verification/match3_showcase00000062.png.import
[  66% ] savepack | Storing File: res://.godot/imported/match3_showcase00000063.png-4c721640468c33249af0a06de39c0d4d.ctex
[  66% ] savepack | Storing File: res://build/verification/match3_showcase00000063.png.import
[  66% ] savepack | Storing File: res://.godot/imported/match3_showcase00000064.png-fc422626975e5057ef85d242c62a92c4.ctex
[  66% ] savepack | Storing File: res://build/verification/match3_showcase00000064.png.import
[  66% ] savepack | Storing File: res://.godot/imported/match3_showcase00000065.png-e015e0d7d813e2a72f323f6901845952.ctex
[  66% ] savepack | Storing File: res://build/verification/match3_showcase00000065.png.import
[  66% ] savepack | Storing File: res://.godot/imported/match3_showcase00000066.png-c729d3e1faecd79fe23c4cb2337187fc.ctex
[  66% ] savepack | Storing File: res://build/verification/match3_showcase00000066.png.import
[  66% ] savepack | Storing File: res://.godot/imported/match3_showcase00000067.png-a7269a486714825843616423881c4419.ctex
[  66% ] savepack | Storing File: res://build/verification/match3_showcase00000067.png.import
[  66% ] savepack | Storing File: res://.godot/imported/match3_showcase00000068.png-0b73b5f0360716ae5b58df75dbbf8244.ctex
[  66% ] savepack | Storing File: res://build/verification/match3_showcase00000068.png.import
[  66% ] savepack | Storing File: res://.godot/imported/match3_showcase00000069.png-15f1c984e90b846b12d16cf27069c9e3.ctex
[  66% ] savepack | Storing File: res://build/verification/match3_showcase00000069.png.import
[  66% ] savepack | Storing File: res://.godot/imported/match3_showcase.wav-ebfbe92eca5b48acac9fd59ee7e0ef5f.sample
[  66% ] savepack | Storing File: res://build/verification/match3_showcase.wav.import
[  66% ] savepack | Storing File: res://.godot/imported/match3_showcase_contact.png-1861529b0ce3937fd97c7e36f9226bde.ctex
[  66% ] savepack | Storing File: res://build/verification/match3_showcase_contact.png.import
[  66% ] savepack | Storing File: res://.godot/imported/objective_flights00000000.png-b4c415998480f9bb92eb12bbab8dbf87.ctex
[  66% ] savepack | Storing File: res://build/verification/objective_flights00000000.png.import
[  66% ] savepack | Storing File: res://.godot/imported/objective_flights00000001.png-85c3c9ca899c4deb676b05bd535e2752.ctex
[  66% ] savepack | Storing File: res://build/verification/objective_flights00000001.png.import
[  66% ] savepack | Storing File: res://.godot/imported/objective_flights00000002.png-62df1e616e28973330c48c2d1308d3f2.ctex
[  66% ] savepack | Storing File: res://build/verification/objective_flights00000002.png.import
[  66% ] savepack | Storing File: res://.godot/imported/objective_flights00000003.png-ad3646851388b77a5000cff39190b280.ctex
[  66% ] savepack | Storing File: res://build/verification/objective_flights00000003.png.import
[  67% ] savepack | Storing File: res://.godot/imported/objective_flights00000004.png-8736698377fbcf3a94f35e47fb0f85d9.ctex
[  67% ] savepack | Storing File: res://build/verification/objective_flights00000004.png.import
[  67% ] savepack | Storing File: res://.godot/imported/objective_flights00000005.png-cd60ee145a775b8b98aaadb68d73f70d.ctex
[  67% ] savepack | Storing File: res://build/verification/objective_flights00000005.png.import
[  67% ] savepack | Storing File: res://.godot/imported/objective_flights00000006.png-d12bcc6f6b7a7d8de4fe272be2a31a8c.ctex
[  67% ] savepack | Storing File: res://build/verification/objective_flights00000006.png.import
[  67% ] savepack | Storing File: res://.godot/imported/objective_flights00000007.png-9e5f1f34f25a67c87bf64264f2def678.ctex
[  67% ] savepack | Storing File: res://build/verification/objective_flights00000007.png.import
[  67% ] savepack | Storing File: res://.godot/imported/objective_flights00000008.png-1ba2b466603a342cd1dffc73a4f161c5.ctex
[  67% ] savepack | Storing File: res://build/verification/objective_flights00000008.png.import
[  67% ] savepack | Storing File: res://.godot/imported/objective_flights00000009.png-573073e45db5232e687ea1fe8db7e3a8.ctex
[  67% ] savepack | Storing File: res://build/verification/objective_flights00000009.png.import
[  68% ] savepack | Storing File: res://.godot/imported/objective_flights00000010.png-1df27a0e880ddd355d8ff0df5ed7e775.ctex
[  68% ] savepack | Storing File: res://build/verification/objective_flights00000010.png.import
[  68% ] savepack | Storing File: res://.godot/imported/objective_flights00000011.png-062c6b9df53b471b3a6886c6b2a8a319.ctex
[  68% ] savepack | Storing File: res://build/verification/objective_flights00000011.png.import
[  68% ] savepack | Storing File: res://.godot/imported/objective_flights00000012.png-41011f3d551108fbb91650dfd3d4c9bf.ctex
[  68% ] savepack | Storing File: res://build/verification/objective_flights00000012.png.import
[  68% ] savepack | Storing File: res://.godot/imported/objective_flights00000013.png-b18337ed1ff9493d9c7ef4556123d777.ctex
[  68% ] savepack | Storing File: res://build/verification/objective_flights00000013.png.import
[  68% ] savepack | Storing File: res://.godot/imported/objective_flights00000014.png-d2b9e9e57a1e7f5b665f259a6b0e23e0.ctex
[  68% ] savepack | Storing File: res://build/verification/objective_flights00000014.png.import
[  68% ] savepack | Storing File: res://.godot/imported/objective_flights00000015.png-eeec1da9fba15c48bfc4484d1731f97d.ctex
[  68% ] savepack | Storing File: res://build/verification/objective_flights00000015.png.import
[  69% ] savepack | Storing File: res://.godot/imported/objective_flights00000016.png-16741281f13a2070edc2e8e46b15c8fe.ctex
[  69% ] savepack | Storing File: res://build/verification/objective_flights00000016.png.import
[  69% ] savepack | Storing File: res://.godot/imported/objective_flights00000017.png-37ae786883a6d2a576a5e2fc0a989d1e.ctex
[  69% ] savepack | Storing File: res://build/verification/objective_flights00000017.png.import
[  69% ] savepack | Storing File: res://.godot/imported/objective_flights00000018.png-ff0df27cf61ec3ebc804984b14502976.ctex
[  69% ] savepack | Storing File: res://build/verification/objective_flights00000018.png.import
[  69% ] savepack | Storing File: res://.godot/imported/objective_flights00000019.png-f8dd4da254b610ad2f382c6af12a8257.ctex
[  69% ] savepack | Storing File: res://build/verification/objective_flights00000019.png.import
[  69% ] savepack | Storing File: res://.godot/imported/objective_flights00000020.png-6180a26b1a27331ac5134a508fa6b4f0.ctex
[  69% ] savepack | Storing File: res://build/verification/objective_flights00000020.png.import
[  69% ] savepack | Storing File: res://.godot/imported/objective_flights00000021.png-499a461ddc2c180a282ef29e29d0c1c4.ctex
[  69% ] savepack | Storing File: res://build/verification/objective_flights00000021.png.import
[  70% ] savepack | Storing File: res://.godot/imported/objective_flights00000022.png-aa27e1d082b413e4bb14ce014ef2c730.ctex
[  70% ] savepack | Storing File: res://build/verification/objective_flights00000022.png.import
[  70% ] savepack | Storing File: res://.godot/imported/objective_flights00000023.png-ea6f18d0e236eeacd938201850f140c7.ctex
[  70% ] savepack | Storing File: res://build/verification/objective_flights00000023.png.import
[  70% ] savepack | Storing File: res://.godot/imported/objective_flights00000024.png-fede6e213dc308f9b80e8c8d5deb9e75.ctex
[  70% ] savepack | Storing File: res://build/verification/objective_flights00000024.png.import
[  70% ] savepack | Storing File: res://.godot/imported/objective_flights00000025.png-76bdb8d5d10ff4b9fb9f23b60780f6bf.ctex
[  70% ] savepack | Storing File: res://build/verification/objective_flights00000025.png.import
[  70% ] savepack | Storing File: res://.godot/imported/objective_flights00000026.png-7b2fcd750b917acf0a31ca5c6682cb24.ctex
[  70% ] savepack | Storing File: res://build/verification/objective_flights00000026.png.import
[  70% ] savepack | Storing File: res://.godot/imported/objective_flights00000027.png-206abd754bd0cfbeb0e4493dde3b32e7.ctex
[  70% ] savepack | Storing File: res://build/verification/objective_flights00000027.png.import
[  71% ] savepack | Storing File: res://.godot/imported/objective_flights00000028.png-eb154cb7259f11d876dda540d2780e63.ctex
[  71% ] savepack | Storing File: res://build/verification/objective_flights00000028.png.import
[  71% ] savepack | Storing File: res://.godot/imported/objective_flights00000029.png-0cdd9aad4c944f15cace93385d89d7b7.ctex
[  71% ] savepack | Storing File: res://build/verification/objective_flights00000029.png.import
[  71% ] savepack | Storing File: res://.godot/imported/objective_flights00000030.png-6ff3eeecc229e6ddee336f9cdf82925c.ctex
[  71% ] savepack | Storing File: res://build/verification/objective_flights00000030.png.import
[  71% ] savepack | Storing File: res://.godot/imported/objective_flights00000031.png-58e9084ef957138d74af23b11e37b245.ctex
[  71% ] savepack | Storing File: res://build/verification/objective_flights00000031.png.import
[  71% ] savepack | Storing File: res://.godot/imported/objective_flights00000032.png-0e4cfac73d1e797f412a18311aa43572.ctex
[  71% ] savepack | Storing File: res://build/verification/objective_flights00000032.png.import
[  71% ] savepack | Storing File: res://.godot/imported/objective_flights00000033.png-74bf3585a773f0660de3f190893827e7.ctex
[  71% ] savepack | Storing File: res://build/verification/objective_flights00000033.png.import
[  72% ] savepack | Storing File: res://.godot/imported/objective_flights00000034.png-d4b7b3d202365af73c7814a329ef6942.ctex
[  72% ] savepack | Storing File: res://build/verification/objective_flights00000034.png.import
[  72% ] savepack | Storing File: res://.godot/imported/objective_flights00000035.png-ea626d8a523bbc672019cd124322be8e.ctex
[  72% ] savepack | Storing File: res://build/verification/objective_flights00000035.png.import
[  72% ] savepack | Storing File: res://.godot/imported/objective_flights00000036.png-a98bd925d251171bf8b6ac0f5680964d.ctex
[  72% ] savepack | Storing File: res://build/verification/objective_flights00000036.png.import
[  72% ] savepack | Storing File: res://.godot/imported/objective_flights.wav-5e900d772735b3b9eb51bf3405465570.sample
[  72% ] savepack | Storing File: res://build/verification/objective_flights.wav.import
[  72% ] savepack | Storing File: res://.godot/imported/powerup_motion00000000.png-71e8bd17a91d5e92a252ca2d266579bc.ctex
[  72% ] savepack | Storing File: res://build/verification/powerup_motion00000000.png.import
[  72% ] savepack | Storing File: res://.godot/imported/powerup_motion00000001.png-3e71d507f244a39f99301ba3a86a02cb.ctex
[  72% ] savepack | Storing File: res://build/verification/powerup_motion00000001.png.import
[  73% ] savepack | Storing File: res://.godot/imported/powerup_motion00000002.png-308ed3d8cb33adfca710e4822d2877f7.ctex
[  73% ] savepack | Storing File: res://build/verification/powerup_motion00000002.png.import
[  73% ] savepack | Storing File: res://.godot/imported/powerup_motion00000003.png-f1238cb872443182d6c82669f14c6149.ctex
[  73% ] savepack | Storing File: res://build/verification/powerup_motion00000003.png.import
[  73% ] savepack | Storing File: res://.godot/imported/powerup_motion00000004.png-43030e042c897de39f2d6a48cd03af96.ctex
[  73% ] savepack | Storing File: res://build/verification/powerup_motion00000004.png.import
[  73% ] savepack | Storing File: res://.godot/imported/powerup_motion00000005.png-9ea5b28c963e9ac7464ee2eff132b612.ctex
[  73% ] savepack | Storing File: res://build/verification/powerup_motion00000005.png.import
[  73% ] savepack | Storing File: res://.godot/imported/powerup_motion00000006.png-c9710d668fb119805c4296f75398c9f3.ctex
[  73% ] savepack | Storing File: res://build/verification/powerup_motion00000006.png.import
[  73% ] savepack | Storing File: res://.godot/imported/powerup_motion00000007.png-65bc4fb0d8155ccc3fa64fdd1c407065.ctex
[  73% ] savepack | Storing File: res://build/verification/powerup_motion00000007.png.import
[  74% ] savepack | Storing File: res://.godot/imported/powerup_motion00000008.png-3d5167156840d489bdcac2c0871fc0de.ctex
[  74% ] savepack | Storing File: res://build/verification/powerup_motion00000008.png.import
[  74% ] savepack | Storing File: res://.godot/imported/powerup_motion00000009.png-1419f6568defb25cf6997fe975bcc3cd.ctex
[  74% ] savepack | Storing File: res://build/verification/powerup_motion00000009.png.import
[  74% ] savepack | Storing File: res://.godot/imported/powerup_motion00000010.png-b229cbfa388d3d62d7196ab048e50c30.ctex
[  74% ] savepack | Storing File: res://build/verification/powerup_motion00000010.png.import
[  74% ] savepack | Storing File: res://.godot/imported/powerup_motion00000011.png-46a5a1b146bdeb2dca7aa9faf9eb6e44.ctex
[  74% ] savepack | Storing File: res://build/verification/powerup_motion00000011.png.import
[  74% ] savepack | Storing File: res://.godot/imported/powerup_motion00000012.png-70242d537663699c7749176a5d6bb510.ctex
[  74% ] savepack | Storing File: res://build/verification/powerup_motion00000012.png.import
[  74% ] savepack | Storing File: res://.godot/imported/powerup_motion00000013.png-828b8e8f1f8ba53b3289ed32329a2383.ctex
[  74% ] savepack | Storing File: res://build/verification/powerup_motion00000013.png.import
[  75% ] savepack | Storing File: res://.godot/imported/powerup_motion00000014.png-d1c105f4117b935b93c123bb85c07b06.ctex
[  75% ] savepack | Storing File: res://build/verification/powerup_motion00000014.png.import
[  75% ] savepack | Storing File: res://.godot/imported/powerup_motion00000015.png-1763dfdb1b5a70d86556fd9f437df289.ctex
[  75% ] savepack | Storing File: res://build/verification/powerup_motion00000015.png.import
[  75% ] savepack | Storing File: res://.godot/imported/powerup_motion00000016.png-90c2549c5202a3a151f47a348f9f60c3.ctex
[  75% ] savepack | Storing File: res://build/verification/powerup_motion00000016.png.import
[  75% ] savepack | Storing File: res://.godot/imported/powerup_motion00000017.png-93f5ac24ee1d948e9c5859b58ee8d5a4.ctex
[  75% ] savepack | Storing File: res://build/verification/powerup_motion00000017.png.import
[  75% ] savepack | Storing File: res://.godot/imported/powerup_motion00000018.png-77b7a5c513d2a084923f62e30ae15ccb.ctex
[  75% ] savepack | Storing File: res://build/verification/powerup_motion00000018.png.import
[  75% ] savepack | Storing File: res://.godot/imported/powerup_motion00000019.png-a5ff2725c4d3999cd8729396db0a7eb0.ctex
[  75% ] savepack | Storing File: res://build/verification/powerup_motion00000019.png.import
[  76% ] savepack | Storing File: res://.godot/imported/powerup_motion00000020.png-288e4f5d038e383573ea1ad857a6a04b.ctex
[  76% ] savepack | Storing File: res://build/verification/powerup_motion00000020.png.import
[  76% ] savepack | Storing File: res://.godot/imported/powerup_motion00000021.png-1737f5270a5b15303f87340116af616d.ctex
[  76% ] savepack | Storing File: res://build/verification/powerup_motion00000021.png.import
[  76% ] savepack | Storing File: res://.godot/imported/powerup_motion00000022.png-d6769dd7a258980ca3dcceb3f8f0b11a.ctex
[  76% ] savepack | Storing File: res://build/verification/powerup_motion00000022.png.import
[  76% ] savepack | Storing File: res://.godot/imported/powerup_motion00000023.png-d38a904832b42396cdb2a0cee5d4b778.ctex
[  76% ] savepack | Storing File: res://build/verification/powerup_motion00000023.png.import
[  76% ] savepack | Storing File: res://.godot/imported/powerup_motion00000024.png-cbd4c70b662ed2272aa105be712c642d.ctex
[  76% ] savepack | Storing File: res://build/verification/powerup_motion00000024.png.import
[  76% ] savepack | Storing File: res://.godot/imported/powerup_motion.wav-51374445cc991ff8248a7313b9d60849.sample
[  76% ] savepack | Storing File: res://build/verification/powerup_motion.wav.import
[  77% ] savepack | Storing File: res://build/verification/showcase_flying_rocket.gdc
[  77% ] savepack | Storing File: res://.godot/exported/133200997/export-4f4cf93aa897336d8a731c2a4c27e9bd-showcase_flying_rocket.scn
[  77% ] savepack | Storing File: res://build/verification/showcase_match3_clear.gdc
[  77% ] savepack | Storing File: res://.godot/exported/133200997/export-3769659b3ca46c88c8681139ccc9fe41-showcase_match3_clear.scn
[  77% ] savepack | Storing File: res://build/verification/showcase_match3_objectives.gdc
[  77% ] savepack | Storing File: res://.godot/exported/133200997/export-4f872db58d72845257fce22bf63b6b46-showcase_match3_objectives.scn
[  78% ] savepack | Storing File: res://.godot/imported/tea_bar_alignment.png-faecfece94a0c679c9e97df5270c953c.ctex
[  78% ] savepack | Storing File: res://build/verification/tea_bar_alignment.png.import
[  78% ] savepack | Storing File: res://.godot/imported/tea_bar_alignment_v2.png-d87486d1ce210da8397969a3c30de7b3.ctex
[  78% ] savepack | Storing File: res://build/verification/tea_bar_alignment_v2.png.import
[  78% ] savepack | Storing File: res://.godot/imported/tea_bar_alignment_v3.png-9a716609ee322fa4e8827a013de37e0e.ctex
[  78% ] savepack | Storing File: res://build/verification/tea_bar_alignment_v3.png.import
[  78% ] savepack | Storing File: res://.godot/imported/tea_bar_bakery_style_alignment_v8.png-9c7b8fc701db59d2eafcad7ed1a02247.ctex
[  78% ] savepack | Storing File: res://build/verification/tea_bar_bakery_style_alignment_v8.png.import
[  78% ] savepack | Storing File: res://.godot/imported/tea_bar_clean.png-792f22395957c9d895f3d8e6c903be69.ctex
[  78% ] savepack | Storing File: res://build/verification/tea_bar_clean.png.import
[  78% ] savepack | Storing File: res://.godot/imported/tea_bar_equal_width_v9_clean.png-76a5d73abfc7421f5a4f2676597805fd.ctex
[  78% ] savepack | Storing File: res://build/verification/tea_bar_equal_width_v9_clean.png.import
[  79% ] savepack | Storing File: res://.godot/imported/tea_bar_equal_width_v10_clean.png-66581114df56f23befb9b3bcb13af384.ctex
[  79% ] savepack | Storing File: res://build/verification/tea_bar_equal_width_v10_clean.png.import
[  79% ] savepack | Storing File: res://.godot/imported/tea_bar_extended_u_clean.png-a7a485b795ed17ab76b6991b3eef5e11.ctex
[  79% ] savepack | Storing File: res://build/verification/tea_bar_extended_u_clean.png.import
[  79% ] savepack | Storing File: res://.godot/imported/tea_bar_floor_aligned_layer_v2.png-8c4b0c403737b983078b23159857566e.ctex
[  79% ] savepack | Storing File: res://build/verification/tea_bar_floor_aligned_layer_v2.png.import
[  79% ] savepack | Storing File: res://.godot/imported/tea_bar_floor_aligned_layer_v3.png-be61380e7ed3b59982059d67641f6c51.ctex
[  79% ] savepack | Storing File: res://build/verification/tea_bar_floor_aligned_layer_v3.png.import
[  79% ] savepack | Storing File: res://.godot/imported/tea_bar_floor_aligned_two_tile_v4.png-c95692467e0291a5f72d87b05231465a.ctex
[  79% ] savepack | Storing File: res://build/verification/tea_bar_floor_aligned_two_tile_v4.png.import
[  79% ] savepack | Storing File: res://.godot/imported/tea_bar_floor_alignment_overlay.png-c9f70060d10372314b3f9fb0d1046bdf.ctex
[  79% ] savepack | Storing File: res://build/verification/tea_bar_floor_alignment_overlay.png.import
[  80% ] savepack | Storing File: res://.godot/imported/tea_bar_floor_composite_reference.png-554a483d0cf495df8e3e6a98b03ac7f3.ctex
[  80% ] savepack | Storing File: res://build/verification/tea_bar_floor_composite_reference.png.import
[  80% ] savepack | Storing File: res://.godot/imported/tea_bar_floor_flush_v5.png-3901371c70a8d89cf6321a2d3113449d.ctex
[  80% ] savepack | Storing File: res://build/verification/tea_bar_floor_flush_v5.png.import
[  80% ] savepack | Storing File: res://.godot/imported/tea_bar_floor_reference.png-a3a91485367e41ba0edecc19adbcf68a.ctex
[  80% ] savepack | Storing File: res://build/verification/tea_bar_floor_reference.png.import
[  80% ] savepack | Storing File: res://.godot/imported/tea_bar_floor_slope_v15_clean.png-2475e4d98d344ae4b2dab40fd95e3d94.ctex
[  80% ] savepack | Storing File: res://build/verification/tea_bar_floor_slope_v15_clean.png.import
[  80% ] savepack | Storing File: res://.godot/imported/tea_bar_grid_aligned_v12_clean.png-9da0aca677fd41c371c4f9f94455d285.ctex
[  80% ] savepack | Storing File: res://build/verification/tea_bar_grid_aligned_v12_clean.png.import
[  80% ] savepack | Storing File: res://.godot/imported/tea_bar_grid_aligned_v12_overlay.png-d4d45cb81338f896e00213225cf92f8f.ctex
[  80% ] savepack | Storing File: res://build/verification/tea_bar_grid_aligned_v12_overlay.png.import
[  81% ] savepack | Storing File: res://.godot/imported/tea_bar_grid_angle_v2_clean.png-118114b56ff2d7d599f4ed870b15d5a4.ctex
[  81% ] savepack | Storing File: res://build/verification/tea_bar_grid_angle_v2_clean.png.import
[  81% ] savepack | Storing File: res://.godot/imported/tea_bar_grid_angle_v2_overlay.png-2208f2c9397c2016c3572f7f0f74dbd8.ctex
[  81% ] savepack | Storing File: res://build/verification/tea_bar_grid_angle_v2_overlay.png.import
[  81% ] savepack | Storing File: res://.godot/imported/tea_bar_grid_angle_v3_clean.png-8381a9c20ebdb860465988783c0272be.ctex
[  81% ] savepack | Storing File: res://build/verification/tea_bar_grid_angle_v3_clean.png.import
[  81% ] savepack | Storing File: res://.godot/imported/tea_bar_grid_angle_v3_overlay.png-978474201ebc458d89f44553a4bbbc25.ctex
[  81% ] savepack | Storing File: res://build/verification/tea_bar_grid_angle_v3_overlay.png.import
[  81% ] savepack | Storing File: res://.godot/imported/tea_bar_grounded_clean.png-f12bd048c58a11629698960af3003107.ctex
[  81% ] savepack | Storing File: res://build/verification/tea_bar_grounded_clean.png.import
[  81% ] savepack | Storing File: res://.godot/imported/tea_bar_guide_shape_v5_clean.png-167192fbdc92a6f47b1a39fc4e8061fc.ctex
[  81% ] savepack | Storing File: res://build/verification/tea_bar_guide_shape_v5_clean.png.import
[  82% ] savepack | Storing File: res://.godot/imported/tea_bar_original_redraw_v6_clean.png-78d1141858da0bcfa4bbce6a9e9ec9d4.ctex
[  82% ] savepack | Storing File: res://build/verification/tea_bar_original_redraw_v6_clean.png.import
[  82% ] savepack | Storing File: res://.godot/imported/tea_bar_right_arm_extended_v7_clean.png-bbfa1b0ca68c7c8843201a750c08cd85.ctex
[  82% ] savepack | Storing File: res://build/verification/tea_bar_right_arm_extended_v7_clean.png.import
[  82% ] savepack | Storing File: res://.godot/imported/tea_bar_right_arm_v4_clean.png-2ea9c425fea2322f8dcd555f0ed66b4c.ctex
[  82% ] savepack | Storing File: res://build/verification/tea_bar_right_arm_v4_clean.png.import
[  82% ] savepack | Storing File: res://.godot/imported/tea_bar_rotated_right_v11_clean.png-c221abbfedcead81c39e492f61f0fb86.ctex
[  82% ] savepack | Storing File: res://build/verification/tea_bar_rotated_right_v11_clean.png.import
[  82% ] savepack | Storing File: res://.godot/imported/tea_bar_shared_floor_projection_v9.png-00bafe5a25248f961de8c468382f5242.ctex
[  82% ] savepack | Storing File: res://build/verification/tea_bar_shared_floor_projection_v9.png.import
[  82% ] savepack | Storing File: res://.godot/imported/tea_bar_shifted_to_grout_v7.png-118b70c5a29af7eb8292210e15a4f113.ctex
[  82% ] savepack | Storing File: res://build/verification/tea_bar_shifted_to_grout_v7.png.import
[  82% ] savepack | Storing File: res://.godot/imported/tea_bar_true_2to1_v16_clean.png-b9dd839f399e6bb6b0174f0600915add.ctex
[  82% ] savepack | Storing File: res://build/verification/tea_bar_true_2to1_v16_clean.png.import
[  83% ] savepack | Storing File: res://.godot/imported/tea_bar_two_tile_open_front_v6.png-0c0b5dac20a557ad1999bd49af3f6b8d.ctex
[  83% ] savepack | Storing File: res://build/verification/tea_bar_two_tile_open_front_v6.png.import
[  83% ] savepack | Storing File: res://.godot/imported/tea_bar_user_angle_v14_clean.png-a1f15da2cf3c204bb53e7c3ed9ebb679.ctex
[  83% ] savepack | Storing File: res://build/verification/tea_bar_user_angle_v14_clean.png.import
[  83% ] savepack | Storing File: res://build/verification/verify_match3_objective_targets.gdc
[  83% ] savepack | Storing File: res://.godot/exported/133200997/export-fb1d7fb1695141aee135382dc619040f-verify_match3_objective_targets.scn
[  83% ] savepack | Storing File: res://build/verification/verify_match3_powerups.gdc
SCRIPT ERROR: Parse Error: Too few arguments for "_animate_bomb_charge()" call. Expected at least 2 but received 1.
   at: GDScript::reload (res://build/verification/verify_match3_powerups.gd:18)
SCRIPT ERROR: Parse Error: Invalid argument for "_animate_bomb_charge()" function: argument 1 should be "Vector2i" but is "Dictionary".
   at: GDScript::reload (res://build/verification/verify_match3_powerups.gd:18)
ERROR: Failed to load script "res://build/verification/verify_match3_powerups.gd" with error "Parse error".
   at: load (modules/gdscript/gdscript_resource_format.cpp:46)
[  83% ] savepack | Storing File: res://.godot/exported/133200997/export-d2ad6a475a4ae5774d299b3ca7e87b54-verify_match3_powerups.scn
[  84% ] savepack | Storing File: res://build/verification/verify_match3_repeat.gdc
[  84% ] savepack | Storing File: res://build/verification/verify_match3_variants.gdc
[  84% ] savepack | Storing File: res://.godot/exported/133200997/export-8ea054c7fa1b4e4af2bd66f9f30d9e09-verify_match3_variants.scn
[  84% ] savepack | Storing File: res://build/verification/verify_merge_motion.gdc
[  84% ] savepack | Storing File: res://.godot/exported/133200997/export-fa2f5a6f41082b7d06bf075a2b9d94a6-verify_merge_motion.scn
[  84% ] savepack | Storing File: res://data/game_database.json
[  85% ] savepack | Storing File: res://.godot/exported/133200997/export-ef304abfc548bced6fccfe7acc8fe9c9-boot_screen.scn
[  85% ] savepack | Storing File: res://.godot/exported/133200997/export-983e6a72c2036f1fcc87f2e16d3caac0-cafe_hub.scn
[  85% ] savepack | Storing File: res://.godot/exported/133200997/export-04de90a8dd84f545b4c18c10615900a9-main_cafe.scn
[  85% ] savepack | Storing File: res://.godot/exported/133200997/export-984e3a81f4f9dc22965196e6ba781eb5-cafe_region.scn
[  85% ] savepack | Storing File: res://.godot/exported/133200997/export-d9561cd86166583315633992fbf3bfa4-world_map.scn
[  85% ] savepack | Storing File: res://.godot/exported/133200997/export-e99690a818ec5e7d777950c065dd987e-candy_match_game.scn
[  86% ] savepack | Storing File: res://.godot/exported/133200997/export-e5d914bdedd0c116f7643ac5f95a9a9a-challenge_match.scn
[  86% ] savepack | Storing File: res://.godot/exported/133200997/export-4676434036d3f63850ef12c20cf59526-gummy_match_game.scn
[  86% ] savepack | Storing File: res://.godot/exported/133200997/export-c25e1881b90c36f4591b26b2489aa585-marshmallow_match_game.scn
[  86% ] savepack | Storing File: res://.godot/exported/133200997/export-8586e6460820b11ef0b48a610d95829b-cake_merge_game.scn
[  86% ] savepack | Storing File: res://.godot/exported/133200997/export-f5ac73a86080f6cb3415f5c1cf0aa590-cookie_merge_game.scn
[  86% ] savepack | Storing File: res://.godot/exported/133200997/export-1d82fee9fd687a93a73303b042202bc7-ice_cream_merge_game.scn
[  87% ] savepack | Storing File: res://.godot/exported/133200997/export-4599ce5a92f16144d84f7295d030f27b-merge_game.scn
[  87% ] savepack | Storing File: res://.godot/exported/133200997/export-9e7025165371c820a1c0df2f717364b7-merge_item.scn
[  87% ] savepack | Storing File: res://.godot/exported/133200997/export-6cbffd7813a09b935b3b51560bba29c8-mixed_merge_game.scn
[  87% ] savepack | Storing File: res://scripts/cafe/cafe_hub.gdc
[  87% ] savepack | Storing File: res://scripts/cafe/cafe_region.gdc
[  87% ] savepack | Storing File: res://scripts/cafe/cafe_scene.gdc
[  88% ] savepack | Storing File: res://scripts/cafe/cafe_visit.gdc
[  88% ] savepack | Storing File: res://scripts/cafe/challenge_match.gdc
[  88% ] savepack | Storing File: res://scripts/cafe/quest_journal.gdc
[  88% ] savepack | Storing File: res://scripts/cafe/soft_ink.gdshader
[  88% ] savepack | Storing File: res://scripts/core/cafe_life.gdc
[  88% ] savepack | Storing File: res://scripts/core/cafe_online.gdc
[  89% ] savepack | Storing File: res://scripts/core/cafe_progress.gdc
[  89% ] savepack | Storing File: res://scripts/core/collectible_rewards.gdc
[  89% ] savepack | Storing File: res://scripts/core/game_database.gdc
[  89% ] savepack | Storing File: res://scripts/core/game_settings.gdc
[  89% ] savepack | Storing File: res://scripts/core/save_system.gdc
[  89% ] savepack | Storing File: res://scripts/core/scene_router.gdc
[  90% ] savepack | Storing File: res://scripts/match3/candy_cutout.gdc
[  90% ] savepack | Storing File: res://scripts/match3/match_three_board.gdc
[  90% ] savepack | Storing File: res://scripts/merge/merge_board.gdc
[  90% ] savepack | Storing File: res://scripts/merge/merge_item.gdc
[  90% ] savepack | Storing File: res://scripts/navigation/touch_camera_controller.gdc
[  90% ] savepack | Storing File: res://scripts/ui/boot_screen.gdc
[  91% ] savepack | Storing File: res://scripts/ui/cake_merge_game.gdc
[  91% ] savepack | Storing File: res://scripts/ui/candy_match_game.gdc
[  91% ] savepack | Storing File: res://scripts/ui/cookie_merge_game.gdc
[  91% ] savepack | Storing File: res://scripts/ui/ice_cream_merge_game.gdc
[  91% ] savepack | Storing File: res://scripts/ui/landscape_layout.gdc
[  91% ] savepack | Storing File: res://scripts/ui/main_cafe.gdc
[  92% ] savepack | Storing File: res://scripts/ui/merge_game.gdc
[  92% ] savepack | Storing File: res://scripts/ui/mixed_merge_game.gdc
[  92% ] savepack | Storing File: res://scripts/ui/variant_match_game.gdc
[  92% ] savepack | Storing File: res://scripts/ui/world_map.gdc
[  92% ] savepack | Storing File: res://scripts/world/cafe_world_preview.gdc
[  92% ] savepack | Storing File: res://tests/check_cafe.gdc
[  93% ] savepack | Storing File: res://tests/check_cafe_events.gdc
[  93% ] savepack | Storing File: res://tests/check_cafe_machine_flow.gdc
[  93% ] savepack | Storing File: res://tests/check_cafe_shop.gdc
[  93% ] savepack | Storing File: res://tests/check_cafe_upgrades.gdc
[  93% ] savepack | Storing File: res://tests/check_cafe_visit.gdc
[  93% ] savepack | Storing File: res://tests/check_customer_visits.gdc
[  94% ] savepack | Storing File: res://tests/check_decor_themes.gdc
[  94% ] savepack | Storing File: res://tests/check_furniture_placement.gdc
[  94% ] savepack | Storing File: res://tests/check_hosted_gui.gdc
[  94% ] savepack | Storing File: res://tests/check_hosted_social.gdc
[  94% ] savepack | Storing File: res://tests/check_landscape_boards.gdc
[  94% ] savepack | Storing File: res://tests/check_machine_input.gdc
[  95% ] savepack | Storing File: res://tests/check_machine_jobs.gdc
[  95% ] savepack | Storing File: res://tests/check_merge_migration.gdc
[  95% ] savepack | Storing File: res://tests/check_neighborhood.gdc
[  95% ] savepack | Storing File: res://tests/check_online_client.gdc
[  95% ] savepack | Storing File: res://tests/check_pantry_storage.gdc
[  95% ] savepack | Storing File: res://tests/check_quest_gui.gdc
[  96% ] savepack | Storing File: res://tests/check_recipe_discovery.gdc
[  96% ] savepack | Storing File: res://tests/check_shared_display.gdc
[  96% ] savepack | Storing File: res://tests/check_special_orders.gdc
[  96% ] savepack | Storing File: res://tests/check_sugar_map_routes.gdc
[  96% ] savepack | Storing File: res://tests/check_visit_return.gdc
[  96% ] savepack | Storing File: res://tests/check_visual_refinements.gdc
[  97% ] savepack | Storing File: res://tests/render_cafe.gdc
[  97% ] savepack | Storing File: res://tests/render_cafe_customers.gdc
[  97% ] savepack | Storing File: res://tests/render_cafe_visit.gdc
[  97% ] savepack | Storing File: res://tests/render_landscape.gdc
[  97% ] savepack | Storing File: res://tests/render_landscape_boot.gdc
[  97% ] savepack | Storing File: res://tests/render_landscape_cafe_details.gdc
[  98% ] savepack | Storing File: res://tests/render_neighborhood.gdc
[  98% ] savepack | Storing File: res://tests/render_recipe_models.gdc
[  98% ] savepack | Storing File: res://tests/render_regulars.gdc
[  98% ] savepack | Storing File: res://tests/render_rewards_maps.gdc
[  98% ] savepack | Storing File: res://.godot/imported/icon.svg-218a8f2b3041327d8a5756f3a245f83b.ctex
[  98% ] savepack | Storing File: res://icon.svg.import
[  98% ] savepack | Storing File: res://online.cfg
[  98% ] savepack | Storing File: res://build/verification/capture_cafe.gd.remap
[  98% ] savepack | Storing File: res://build/verification/capture_match3_variant.gd.remap
[  98% ] savepack | Storing File: res://build/verification/capture_world_map.gd.remap
[  98% ] savepack | Storing File: res://build/verification/showcase_flying_rocket.gd.remap
[  98% ] savepack | Storing File: res://build/verification/showcase_flying_rocket.tscn.remap
[  98% ] savepack | Storing File: res://build/verification/showcase_match3_clear.gd.remap
[  98% ] savepack | Storing File: res://build/verification/showcase_match3_clear.tscn.remap
[  98% ] savepack | Storing File: res://build/verification/showcase_match3_objectives.gd.remap
[  98% ] savepack | Storing File: res://build/verification/showcase_match3_objectives.tscn.remap
[  98% ] savepack | Storing File: res://build/verification/verify_match3_objective_targets.gd.remap
[  98% ] savepack | Storing File: res://build/verification/verify_match3_objective_targets.tscn.remap
[  98% ] savepack | Storing File: res://build/verification/verify_match3_powerups.gd.remap
[  98% ] savepack | Storing File: res://build/verification/verify_match3_powerups.tscn.remap
[  98% ] savepack | Storing File: res://build/verification/verify_match3_repeat.gd.remap
[  98% ] savepack | Storing File: res://build/verification/verify_match3_variants.gd.remap
[  98% ] savepack | Storing File: res://build/verification/verify_match3_variants.tscn.remap
[  98% ] savepack | Storing File: res://build/verification/verify_merge_motion.gd.remap
[  98% ] savepack | Storing File: res://build/verification/verify_merge_motion.tscn.remap
[  98% ] savepack | Storing File: res://scenes/app/boot_screen.tscn.remap
[  98% ] savepack | Storing File: res://scenes/cafe/cafe_hub.tscn.remap
[  98% ] savepack | Storing File: res://scenes/cafe/main_cafe.tscn.remap
[  98% ] savepack | Storing File: res://scenes/map/cafe_region.tscn.remap
[  98% ] savepack | Storing File: res://scenes/map/world_map.tscn.remap
[  98% ] savepack | Storing File: res://scenes/match3/candy_match_game.tscn.remap
[  98% ] savepack | Storing File: res://scenes/match3/challenge_match.tscn.remap
[  98% ] savepack | Storing File: res://scenes/match3/gummy_match_game.tscn.remap
[  98% ] savepack | Storing File: res://scenes/match3/marshmallow_match_game.tscn.remap
[  98% ] savepack | Storing File: res://scenes/merge/cake_merge_game.tscn.remap
[  98% ] savepack | Storing File: res://scenes/merge/cookie_merge_game.tscn.remap
[  98% ] savepack | Storing File: res://scenes/merge/ice_cream_merge_game.tscn.remap
[  98% ] savepack | Storing File: res://scenes/merge/merge_game.tscn.remap
[  98% ] savepack | Storing File: res://scenes/merge/merge_item.tscn.remap
[  98% ] savepack | Storing File: res://scenes/merge/mixed_merge_game.tscn.remap
[  98% ] savepack | Storing File: res://scripts/cafe/cafe_hub.gd.remap
[  98% ] savepack | Storing File: res://scripts/cafe/cafe_region.gd.remap
[  98% ] savepack | Storing File: res://scripts/cafe/cafe_scene.gd.remap
[  98% ] savepack | Storing File: res://scripts/cafe/cafe_visit.gd.remap
[  98% ] savepack | Storing File: res://scripts/cafe/challenge_match.gd.remap
[  98% ] savepack | Storing File: res://scripts/cafe/quest_journal.gd.remap
[  98% ] savepack | Storing File: res://scripts/core/cafe_life.gd.remap
[  98% ] savepack | Storing File: res://scripts/core/cafe_online.gd.remap
[  98% ] savepack | Storing File: res://scripts/core/cafe_progress.gd.remap
[  98% ] savepack | Storing File: res://scripts/core/collectible_rewards.gd.remap
[  98% ] savepack | Storing File: res://scripts/core/game_database.gd.remap
[  98% ] savepack | Storing File: res://scripts/core/game_settings.gd.remap
[  98% ] savepack | Storing File: res://scripts/core/save_system.gd.remap
[  98% ] savepack | Storing File: res://scripts/core/scene_router.gd.remap
[  98% ] savepack | Storing File: res://scripts/match3/candy_cutout.gd.remap
[  98% ] savepack | Storing File: res://scripts/match3/match_three_board.gd.remap
[  98% ] savepack | Storing File: res://scripts/merge/merge_board.gd.remap
[  98% ] savepack | Storing File: res://scripts/merge/merge_item.gd.remap
[  98% ] savepack | Storing File: res://scripts/navigation/touch_camera_controller.gd.remap
[  98% ] savepack | Storing File: res://scripts/ui/boot_screen.gd.remap
[  98% ] savepack | Storing File: res://scripts/ui/cake_merge_game.gd.remap
[  98% ] savepack | Storing File: res://scripts/ui/candy_match_game.gd.remap
[  98% ] savepack | Storing File: res://scripts/ui/cookie_merge_game.gd.remap
[  98% ] savepack | Storing File: res://scripts/ui/ice_cream_merge_game.gd.remap
[  98% ] savepack | Storing File: res://scripts/ui/landscape_layout.gd.remap
[  98% ] savepack | Storing File: res://scripts/ui/main_cafe.gd.remap
[  98% ] savepack | Storing File: res://scripts/ui/merge_game.gd.remap
[  98% ] savepack | Storing File: res://scripts/ui/mixed_merge_game.gd.remap
[  98% ] savepack | Storing File: res://scripts/ui/variant_match_game.gd.remap
[  98% ] savepack | Storing File: res://scripts/ui/world_map.gd.remap
[  98% ] savepack | Storing File: res://scripts/world/cafe_world_preview.gd.remap
[  98% ] savepack | Storing File: res://tests/check_cafe.gd.remap
[  98% ] savepack | Storing File: res://tests/check_cafe_events.gd.remap
[  98% ] savepack | Storing File: res://tests/check_cafe_machine_flow.gd.remap
[  98% ] savepack | Storing File: res://tests/check_cafe_shop.gd.remap
[  98% ] savepack | Storing File: res://tests/check_cafe_upgrades.gd.remap
[  98% ] savepack | Storing File: res://tests/check_cafe_visit.gd.remap
[  98% ] savepack | Storing File: res://tests/check_customer_visits.gd.remap
[  98% ] savepack | Storing File: res://tests/check_decor_themes.gd.remap
[  98% ] savepack | Storing File: res://tests/check_furniture_placement.gd.remap
[  98% ] savepack | Storing File: res://tests/check_hosted_gui.gd.remap
[  98% ] savepack | Storing File: res://tests/check_hosted_social.gd.remap
[  98% ] savepack | Storing File: res://tests/check_landscape_boards.gd.remap
[  98% ] savepack | Storing File: res://tests/check_machine_input.gd.remap
[  98% ] savepack | Storing File: res://tests/check_machine_jobs.gd.remap
[  98% ] savepack | Storing File: res://tests/check_merge_migration.gd.remap
[  98% ] savepack | Storing File: res://tests/check_neighborhood.gd.remap
[  98% ] savepack | Storing File: res://tests/check_online_client.gd.remap
[  98% ] savepack | Storing File: res://tests/check_pantry_storage.gd.remap
[  98% ] savepack | Storing File: res://tests/check_quest_gui.gd.remap
[  98% ] savepack | Storing File: res://tests/check_recipe_discovery.gd.remap
[  98% ] savepack | Storing File: res://tests/check_shared_display.gd.remap
[  98% ] savepack | Storing File: res://tests/check_special_orders.gd.remap
[  98% ] savepack | Storing File: res://tests/check_sugar_map_routes.gd.remap
[  98% ] savepack | Storing File: res://tests/check_visit_return.gd.remap
[  98% ] savepack | Storing File: res://tests/check_visual_refinements.gd.remap
[  98% ] savepack | Storing File: res://tests/render_cafe.gd.remap
[  98% ] savepack | Storing File: res://tests/render_cafe_customers.gd.remap
[  98% ] savepack | Storing File: res://tests/render_cafe_visit.gd.remap
[  98% ] savepack | Storing File: res://tests/render_landscape.gd.remap
[  98% ] savepack | Storing File: res://tests/render_landscape_boot.gd.remap
[  98% ] savepack | Storing File: res://tests/render_landscape_cafe_details.gd.remap
[  98% ] savepack | Storing File: res://tests/render_neighborhood.gd.remap
[  98% ] savepack | Storing File: res://tests/render_recipe_models.gd.remap
[  98% ] savepack | Storing File: res://tests/render_regulars.gd.remap
[  98% ] savepack | Storing File: res://tests/render_rewards_maps.gd.remap
[  98% ] savepack | Storing File: res://.godot/global_script_class_cache.cfg
[  98% ] savepack | Storing File: res://icon.svg
[  98% ] savepack | Storing File: res://.godot/uid_cache.bin
[  98% ] savepack | Storing File: res://project.binary
[ DONE ] savepack

ERROR: Could not create child process: C:\Users\darkm\AppData\Local\Android\Sdk\platform-tools\adb.exe kill-server
   at: execute (platform/windows/os_windows.cpp:1495)
